university,year,citations,primary_topic,title,openalex_id
서울대,2025,16,Genomics and Rare Diseases,Assessing the performance of 28 pathogenicity prediction methods on rare single nucleotide variants in coding regions,https://openalex.org/W4412069511
서울대,2025,16,Genomics and Rare Diseases,"Exploring penetrance of clinically relevant variants in over 800,000 humans from the Genome Aggregation Database",https://openalex.org/W4415737697
서울대,2025,9,Genomics and Rare Diseases,Whole-genome sequencing analyses suggest novel genetic factors associated with Alzheimer’s disease and a cumulative effects model for risk liability,https://openalex.org/W4410739379
서울대,2025,7,Medical Imaging and Pathology Studies,Medical guidelines for fibrodysplasia ossificans progressiva,https://openalex.org/W4414378276
서울대,2025,6,Genomics and Rare Diseases,Machine learning models for pharmacogenomic variant effect predictions – recent developments and future frontiers,https://openalex.org/W4410601300
서울대,2025,4,Neurological disorders and treatments,Rare but Relevant? Assessing Variants in Dystonia‐Linked Genes in Parkinson's Disease,https://openalex.org/W4415077586
서울대,2025,4,Genomics and Rare Diseases,"Clinical utility of genome sequencing in rare diseases: lessons from a single-center study of 1,452 Korean families",https://openalex.org/W4417152941
서울대,2025,2,RNA modifications and cancer,Pangenome-based identification of cryptic pathogenic variants in undiagnosed rare disease patients,https://openalex.org/W4412353541
서울대,2025,2,Genomics and Rare Diseases,Wiedemann-Steiner syndrome: description of genetic profiles and clinical phenotypes of 10 Korean pediatric patients,https://openalex.org/W4414852443
서울대,2025,2,Genomics and Rare Diseases,Long-term kidney outcomes in patients with Kabuki syndrome,https://openalex.org/W4410800810
서울대,2025,2,Genomics and Rare Diseases,PRP: pathogenic risk prediction for rare nonsynonymous single nucleotide variants,https://openalex.org/W4410872764
서울대,2025,1,Genomics and Rare Diseases,Applying National Whole-genome Sequencing Findings for Rare Diseases in Clinical Practice: The Imperative of a Multidisciplinary Approach,https://openalex.org/W4414295513
서울대,2025,1,Genomics and Rare Diseases,Trio-Based Whole-Genome Sequencing for Critically Ill Pediatric Patients in Korea,https://openalex.org/W4411224403
서울대,2025,0,Urological Disorders and Treatments,Unique Dental and Craniofacial Manifestations of Hypoplastic Amelogenesis Imperfecta in a Patient With Prune Belly Syndrome: A Rare Case Report,https://openalex.org/W4414526988
서울대,2025,0,Lymphoma Diagnosis and Treatment,Primary Mucosa-Associated Lymphoid Tissue Lymphoma of the Lung: A Case Report,https://openalex.org/W4416294851
서울대,2025,0,Genomics and Rare Diseases,Trio-Based Whole-Genome Sequencing for Critically Ill Pediatric Patients in Korea,https://openalex.org/W4406583502
서울대,2025,0,Genetic and rare skin diseases.,Nevus lipomatosus superficialis mimicking ectopic breast tissue: A rare case report,https://openalex.org/W4407305483
서울대,2025,0,Genomics and Rare Diseases,Ending the Diagnostic Odyssey: Making Whole-Exome/Genome Sequencing the First-Line Test for Global Developmental Delay,https://openalex.org/W4411354781
서울대,2025,0,Genomics and Rare Diseases,Complex strabismus in a patient with KBG syndrome with 16q24.3 microdeletion,https://openalex.org/W4412707794
서울대,2025,0,Genomics and Rare Diseases,Additional file 2 of Assessing the performance of 28 pathogenicity prediction methods on rare single nucleotide variants in coding regions,https://openalex.org/W7110808662
서울대,2025,0,Genomics and Rare Diseases,Bone Marrow Failure as an Underrecognized Feature of KAT6A Syndrome,https://openalex.org/W7117302272
서울대,2025,0,Genomics and Rare Diseases,Advancing N = 1 therapies: Building ecosystems for personalized genetic medicine,https://openalex.org/W7126191701
서울대,2025,0,Genomics and Rare Diseases,Additional file 2 of Assessing the performance of 28 pathogenicity prediction methods on rare single nucleotide variants in coding regions,https://openalex.org/W7130699235
서울대,2024,198,Genomics and Rare Diseases,"Author Correction: A genomic mutational constraint map using variation in 76,156 human genomes",https://openalex.org/W4390878940
서울대,2024,10,Genomics and Rare Diseases,Characterizing Families of Pediatric Patients with Rare Diseases and Their Diagnostic Odysseys: A Comprehensive Survey Analysis from a Single Tertiary Center in Korea,https://openalex.org/W4399326202
서울대,2024,5,Genomics and Rare Diseases,Genomic testing for germline predisposition to hematologic malignancies,https://openalex.org/W4392589302
서울대,2024,5,Genomics and Rare Diseases,Heterozygous loss-of-function variants in DOCK4 cause neurodevelopmental delay and microcephaly,https://openalex.org/W4393161576
서울대,2024,5,Genomics and Rare Diseases,Etiological involvement of KCND1 variants in an X-linked neurodevelopmental disorder with variable expressivity,https://openalex.org/W4398147559
서울대,2024,5,Genomics and Rare Diseases,To treat or not to treat: CUBN-associated persistent proteinuria,https://openalex.org/W4402282571
서울대,2024,5,Genomics and Rare Diseases,Implementing genomic medicine in clinical practice for adults with undiagnosed rare diseases,https://openalex.org/W4404797642
서울대,2024,4,Genomics and Rare Diseases,Safe Utilization and Sharing of Genomic Data: Amendment to the Health and Medical Data Utilization Guidelines of South Korea,https://openalex.org/W4399436562
서울대,2024,4,Genomics and Rare Diseases,Navigating the landscape of clinical genetic testing: insights and challenges in rare disease diagnostics,https://openalex.org/W4392237427
서울대,2024,4,Genetic and rare skin diseases.,"Nevus Spilus, Partial Unilateral Lentiginosis, and Linear and Whorled Nevoid Hypermelanosis: A Comparison of Clinical Features, Course, and Treatment Response",https://openalex.org/W4401824336
서울대,2024,3,Genomics and Rare Diseases,Broadening the scope of multigene panel analysis for adult epilepsy patients,https://openalex.org/W4400215614
서울대,2024,2,Genetic and rare skin diseases.,A Family With Nail-Patella Syndrome Caused by a Germline Mosaic Deletion of LMX1B,https://openalex.org/W4400895853
서울대,2024,2,Genomics and Rare Diseases,Digital Phenotyping of Rare Endocrine Diseases Across International Data Networks and the Effect of Granularity of Original Vocabulary,https://openalex.org/W4405019259
서울대,2024,1,Genomics and Rare Diseases,Understanding and managing patients with adult rare diseases,https://openalex.org/W4400135594
서울대,2024,0,Neonatal Respiratory Health Research,A Rare Case of Prolonged Survival of a Child Diagnosed With Childhood Interstitial Lung Disease (chILD) Associated With a Pathogenic Variant of Surfactant Protein B (sftb) Gene,https://openalex.org/W4396500439
서울대,2024,0,Genomics and Rare Diseases,Genomic Medicine in Clinical Practice for Adults: A Comprehensive Analysis of a Prospective Cohort with Undiagnosed Rare Diseases,https://openalex.org/W4396620494
서울대,2024,0,Genomics and Rare Diseases,Analytical and clinical validation of a genome sequencing-based comprehensive rare disease genomic profiling test,https://openalex.org/W4403628575
서울대,2023,37,Genomics and Rare Diseases,Inferring compound heterozygosity from large-scale exome sequencing data,https://openalex.org/W4389391230
서울대,2023,36,Genomics and Rare Diseases,"A whole-genome reference panel of 14,393 individuals for East Asian populations accelerates discovery of rare functional variants",https://openalex.org/W4385690098
서울대,2023,21,Genomics and Rare Diseases,"ATP2B2 de novo variants as a cause of variable neurodevelopmental disorders that feature dystonia, ataxia, intellectual disability, behavioral symptoms, and seizures",https://openalex.org/W4386424938
서울대,2023,9,Genomics and Rare Diseases,The Korean Genetic Diagnosis Program for Rare Disease Phase II: outcomes of a 6-year national project,https://openalex.org/W4383375536
서울대,2023,8,Genomics and Rare Diseases,Epilepsy phenotype and gene ontology analysis of the 129 genes in a large neurodevelopmental disorders cohort,https://openalex.org/W4385812738
서울대,2023,4,Genomics and Rare Diseases,Systematic analysis of Mendelian disease-associated gene variants reveals new classes of cancer-predisposing genes,https://openalex.org/W4390176032
서울대,2023,3,Neurogenetic and Muscular Disorders Research,Advancing orphan drug development for rare diseases,https://openalex.org/W4388744405
서울대,2023,1,Genomics and Rare Diseases,Clinical applications of next-generation sequencing in the diagnosis of genetic disorders in Korea: a narrative review,https://openalex.org/W4387771240
서울대,2023,1,Genomics and Rare Diseases,Corrigendum: Long-term outcome of Bartter syndrome in 54 patients: a multicenter study in Korea,https://openalex.org/W4378908496
서울대,2023,0,Vascular Procedures and Complications,"When Encountering a Rare Vascular Disease, Report and Share your Experience: Six Reasons to Publish a Case Report in VSI",https://openalex.org/W4363679629
서울대,2023,0,Genomics and Rare Diseases,The Practical Aspects of Epilepsy Gene Panel Testing,https://openalex.org/W4387030252
서울대,2023,0,Genomics and Rare Diseases,Kidney and Urinary Manifestations in Kabuki Syndrome,https://openalex.org/W4397040723
서울대,2022,61,Genomics and Rare Diseases,A database of 5305 healthy Korean individuals reveals genetic and clinical implications for an East Asian population,https://openalex.org/W4307922464
서울대,2022,23,Genomics and Rare Diseases,Transcriptome-based variant calling and aberrant mRNA discovery enhance diagnostic efficiency for neuromuscular diseases,https://openalex.org/W4225087110
서울대,2022,18,Genomics and Rare Diseases,The extended clinical and genetic spectrum of CTNNB1-related neurodevelopmental disorder,https://openalex.org/W4286447849
서울대,2022,17,Genomics and Rare Diseases,Rapid Targeted Sequencing Using Dried Blood Spot Samples for Patients With Suspected Actionable Genetic Diseases,https://openalex.org/W4312113155
서울대,2022,16,Genomics and Rare Diseases,Estimation of intrafamilial DNA contamination in family trio genome sequencing using deviation from Mendelian inheritance,https://openalex.org/W4310855439
서울대,2022,15,Genomics and Rare Diseases,Systematic analysis of inheritance pattern determination in genes that cause rare neurodevelopmental diseases,https://openalex.org/W4295233898
서울대,2022,11,Infectious Diseases and Tuberculosis,Isolated Tuberculous Myositis: A Systematic Review and Multicenter Cases,https://openalex.org/W4285987983
서울대,2022,6,Genomics and Rare Diseases,The Korean undiagnosed diseases program phase I: expansion of the nationwide network and the development of long-term infrastructure,https://openalex.org/W4303684320
서울대,2022,4,Genomics and Rare Diseases,Evaluation of users’ level of satisfaction for an artificial intelligence-based diagnostic program in pediatric rare genetic diseases,https://openalex.org/W4285589526
서울대,2022,3,Prion Diseases and Protein Misfolding,A Creutzfeldt–Jakob disease patient with V180I mutation survived for 16.5 years after diagnosis,https://openalex.org/W4206238790
서울대,2022,2,Antifungal resistance and susceptibility,Successful treatment of angioinvasive aspergillosis causing diaphragmatic rupture with bowel perforation and cerebral aspergillosis in a patient with FLT3-mutated acute myeloid leukemia,https://openalex.org/W4210269332
서울대,2022,1,Genomics and Rare Diseases,Fatal systemic disorder caused by biallelic variants in FARSA,https://openalex.org/W4281381372
서울대,2022,0,Cancer Genomics and Diagnostics,Systematic analysis of disease-linked rare germline variants reveals new classes of cancer predisposing genes,https://openalex.org/W4393890651
서울대,2022,0,Genomics and Rare Diseases,Report on the External Quality Assessment Scheme for Genetic Disorders and Other Human Genetics Molecular Diagnostics in Korea (2018–2021),https://openalex.org/W4283715167
서울대,2021,110,Genomics and Rare Diseases,"Determinants of penetrance and variable expressivity in monogenic metabolic conditions across 77,184 exomes",https://openalex.org/W3169380066
서울대,2021,66,Genomics and Rare Diseases,"Addendum: The mutational constraint spectrum quantified from variation in 141,456 humans",https://openalex.org/W3191863810
서울대,2021,44,Genomics and Rare Diseases,Disease-specific ACMG/AMP guidelines improve sequence variant interpretation for hearing loss,https://openalex.org/W3177891453
서울대,2021,11,Genomics and Rare Diseases,Whole genome sequencing reveals a frameshift mutation and a large deletion in YY1AP1 in a girl with a panvascular artery disease,https://openalex.org/W3161662817
서울대,2021,7,Kawasaki Disease and Coronary Complications,Identification of rare coding variants associated with Kawasaki disease by whole exome sequencing,https://openalex.org/W4206482621
서울대,2021,6,Genetic and rare skin diseases.,Importance of extracutaneous organ involvement in determining the clinical severity and prognosis of incontinentia pigmenti caused by mutations in the IKBKG gene,https://openalex.org/W3135500186
서울대,2021,5,Genomics and Rare Diseases,Biallelic novel mutations of the COL27A1 gene in a patient with Steel syndrome,https://openalex.org/W3158154354
서울대,2021,3,Genomics and Rare Diseases,"Author Correction: Landscape of multi-nucleotide variants in 125,748 human exomes and 15,708 genomes",https://openalex.org/W3128826203
서울대,2021,1,Genetic and rare skin diseases.,Ocular hamartoma in a five‐day‐old calf,https://openalex.org/W3118999598
서울대,2020,10373,Genomics and Rare Diseases,"The mutational constraint spectrum quantified from variation in 141,456 humans",https://openalex.org/W3029661147
서울대,2020,1203,Genomics and Rare Diseases,A structural variation reference for medical and population genetics,https://openalex.org/W3032034316
서울대,2020,206,Genomics and Rare Diseases,Transcript expression-aware annotation improves rare variant interpretation,https://openalex.org/W3031073114
서울대,2020,186,Genomics and Rare Diseases,Evaluating drug targets through human loss-of-function genetic variation,https://openalex.org/W3029351535
서울대,2020,176,Genomics and Rare Diseases,"Diagnostic yield and clinical utility of whole exome sequencing using an automated variant prioritization system, EVIDENCE",https://openalex.org/W3086776939
서울대,2020,145,Genomics and Rare Diseases,"Landscape of multi-nucleotide variants in 125,748 human exomes and 15,708 genomes",https://openalex.org/W3028710516
서울대,2020,38,Genomics and Rare Diseases,Genetic diagnosis of infantile‐onset epilepsy in the clinic: Application of whole‐exome sequencing following epilepsy gene panel testing,https://openalex.org/W3116368296
서울대,2020,26,Genomics and Rare Diseases,Spectrum of movement disorders in GNAO1 encephalopathy: in-depth phenotyping and case-by-case analysis,https://openalex.org/W3110816800
서울대,2020,25,Genomics and Rare Diseases,Development and validation of phenotype classifiers across multiple sites in the observational health data sciences and informatics network,https://openalex.org/W3022001143
서울대,2020,18,Genomics and Rare Diseases,Ocular manifestations in kabuki syndrome: A report of 10 cases and literature review,https://openalex.org/W3115597137
서울대,2020,18,Genomics and Rare Diseases,Clinical Genomic Sequencing Reports in Electronic Health Record Systems Based on International Standards: Implementation Study,https://openalex.org/W3033701936
서울대,2020,7,Genetic and rare skin diseases.,Geometric Profiling of Corneal Limbal Dermoids for the Prediction of Surgical Outcomes,https://openalex.org/W3041642600
서울대,2020,7,Genomics and Rare Diseases,Gene-Wise Burden of Coding Variants Correlates to Noncoding Pharmacogenetic Risk Variants,https://openalex.org/W3018772388
서울대,2020,6,Genomics and Rare Diseases,Gene-wise Variant Burden and Genomic Characterization of Nearly Every Gene,https://openalex.org/W3044969811
서울대,2020,6,Genomics and Rare Diseases,Three-Year Experience of an External Proficiency Testing Survey for Next-Generation Sequencing-Based Testing for Germline Mutation,https://openalex.org/W3014576910
서울대,2020,5,Lysosomal Storage Disorders Research,A Rare Case of Late Adult-Onset Niemann-Pick Disease Type C,https://openalex.org/W3011808870
서울대,2020,5,Genomics and Rare Diseases,Genomic profiling of 553 uncharacterized neurodevelopment patients reveals a high proportion of recessive pathogenic variant carriers in an outbred population,https://openalex.org/W3003329066
서울대,2020,4,Genomics and Rare Diseases,A genome wide association study for lung function in the Korean population using an exome array,https://openalex.org/W3018081114
서울대,2020,3,Infectious Diseases and Tuberculosis,Spondylodiscitis initially presenting as exudative pleural effusion: A case report and review of the literature,https://openalex.org/W3092677603
서울대,2020,3,Genomics and Rare Diseases,Pathogenic PSEN1 Glu184Gly Mutation in a Family from Thailand with Probable Autosomal Dominant Early Onset Alzheimer’s Disease,https://openalex.org/W3009355256
서울대,2020,2,Genomics and Rare Diseases,NGS_SNPAnalyzer: a desktop software supporting genome projects by identifying and visualizing sequence variations from next-generation sequencing data,https://openalex.org/W3089074224
서울대,2020,1,Genomics and Rare Diseases,Spectrum of Movement Disorders in GNAO1 Encephalopathy: In-Depth Phenotyping and Case-by-Case Analysis,https://openalex.org/W4230277220
서울대,2020,0,Congenital Heart Disease Studies,"Commentary: Isolated unilateral absence of pulmonary artery, a rare disease with diverse presentations",https://openalex.org/W3043168598
서울대,2020,0,Genomics and Rare Diseases,"High Diagnostic Yield and Clinical Utility of Whole Exome Sequencing Using an Automated Variant Prioriti S Ation System, EVIDENCE, for Patients with Suspected Genetic Disorders",https://openalex.org/W3098558938
서울대,2020,0,Genomics and Rare Diseases,Whole exome sequencing analysis identifies genes and pathways in sporadic early‐onset Alzheimer’s disease,https://openalex.org/W3110733122
서울대,2020,0,Genomics and Rare Diseases,Spectrum of Movement Disorders in GNAO1 Encephalopathy: in-depth Phenotyping and Literature Review,https://openalex.org/W3116845910
서울대,2019,165,Genomics and Rare Diseases,Brain somatic mutations observed in Alzheimer’s disease associated with aging and dysregulation of tau phosphorylation,https://openalex.org/W2960481741
서울대,2019,40,Genomics and Rare Diseases,Diagnostic Yield of Epilepsy Panel Testing in Patients With Seizure Onset Within the First Year of Life,https://openalex.org/W2970430206
서울대,2019,35,Genomics and Rare Diseases,The Korean undiagnosed diseases program: lessons from a one-year pilot project,https://openalex.org/W2939631679
서울대,2019,5,Genetic and rare skin diseases.,Hypomelanosis of Ito with Multiple Congenital Anomalies,https://openalex.org/W2972759064
서울대,2019,5,Genetic and rare skin diseases.,A Somatic p.Phe29del Mutation of Connexin 26 (GJB2) Manifesting as Acantholytic Dyskeratotic Epidermal Nevus,https://openalex.org/W2923049255
서울대,2019,5,Genomics and Rare Diseases,Pilot study of EVIDENCE: High diagnostic yield and clinical utility of whole exome sequencing using an automated interpretation system for patients with suspected genetic disorders,https://openalex.org/W3105752759
서울대,2019,4,Genomics and Rare Diseases,Diagnosis and Management of Hip Dislocation in Patients with Kabuki Syndrome,https://openalex.org/W2990224135
서울대,2019,3,Vascular Malformations and Hemangiomas,Gorham-Stout Disease of the Cranial Bone Causing Recurrent Cerebrospinal Fluid Rhinorrhea and Bacterial Meningitis,https://openalex.org/W2955546980
서울대,2019,3,Genomics and Rare Diseases,Genomic profiling of 553 uncharacterized neurodevelopment patients reveals a high proportion of recessive pathogenic variant carriers in an outbred population,https://openalex.org/W2951688859
서울대,2019,1,Ion channel regulation and function,Wilson Disease Comorbid with Hereditary Sensory Autonomic Neuropathy Type IV and Gitelman Syndrome,https://openalex.org/W2951408607
서울대,2019,1,Genomics and Rare Diseases,Personal Genome Interpretation and Disease Risk Prediction,https://openalex.org/W2942951854
서울대,2019,1,Genomics and Rare Diseases,Personal Genome Data Analysis,https://openalex.org/W2943183944
서울대,2019,1,Genomics and Rare Diseases,"SNPs, GWAS, CNVs: Informatics for Human Genome Variations",https://openalex.org/W2943793767
서울대,2019,0,Genomics and Rare Diseases,EP.99Genetic diagnosis of congenital neuromuscular disorder patients using next-generation sequencing,https://openalex.org/W2975885870
서울대,2019,0,Genomics and Rare Diseases,Author Correction: CHD3 helicase domain mutations cause a neurodevelopmental syndrome with macrocephaly and impaired speech and language,https://openalex.org/W3181428649
서울대,2019,0,Genomics and Rare Diseases,Clinical Genomic Sequencing Reports in Electronic Health Record Systems Based on International Standards: Implementation Study (Preprint),https://openalex.org/W4255113378
서울대,2018,34,Lysosomal Storage Disorders Research,Diagnostic challenge for the rare lysosomal storage disease: Late infantile GM1 gangliosidosis,https://openalex.org/W2790288267
서울대,2018,22,Genomics and Rare Diseases,Clinical genetic strategies for early onset neurodegenerative diseases,https://openalex.org/W2789951668
서울대,2018,22,Genetic and rare skin diseases.,Methylome analysis and whole-exome sequencing reveal that brain tumors associated with encephalocraniocutaneous lipomatosis are midline pilocytic astrocytomas,https://openalex.org/W2888709840
서울대,2018,18,Genomics and Rare Diseases,A pathogenic PSEN2 p.His169Asn mutation associated with early-onset Alzheimer’s disease,https://openalex.org/W2883979929
서울대,2018,14,Genomics and Rare Diseases,A New Integrated Newborn Screening Workflow Can Provide a Shortcut to Differential Diagnosis and Confirmation of Inherited Metabolic Diseases,https://openalex.org/W2805066158
서울대,2018,12,Genomics and Rare Diseases,Pathway-based approach using hierarchical components of rare variants to analyze multiple phenotypes,https://openalex.org/W2801401057
서울대,2018,7,Genetic and rare skin diseases.,Becker's Nevus with Recurrent Eczema Limited to the Nevus Lesion,https://openalex.org/W2782294741
서울대,2018,2,Genomics and Rare Diseases,Comprehensive genetic analysis by whole exome sequencing in 352 Korean pediatric patients with unknown neurodevelopmental disorders,https://openalex.org/W2901645962
서울대,2018,1,Soft tissue tumor case studies,Asymptomatic solitary mass on the sacral region,https://openalex.org/W2896364339
서울대,2018,0,Genomics and Rare Diseases,P1‐166: SCREENING FOR MUTATIONS IN EARLY‐ONSET ALZHEIMER'S DISEASE FROM THAILAND WITH ADAM GENEPANEL 1,https://openalex.org/W2897840451
서울대,2017,44,Genomics and Rare Diseases,Findings of a 1303 Korean whole-exome sequencing study,https://openalex.org/W2734367294
서울대,2017,21,Ion Transport and Channel Regulation,Three cases of Gordon syndrome with dominant KLHL3 mutations,https://openalex.org/W2589741226
서울대,2017,16,Genomics and Rare Diseases,Gene‐based segregation method for identifying rare variants in family‐based sequencing studies,https://openalex.org/W2588631100
서울대,2017,11,Genetic and rare skin diseases.,Clinicopathologic characteristics of early‐onset Becker's nevus in Korean children and adolescents,https://openalex.org/W2766146916
서울대,2017,5,Genomics and Rare Diseases,Comparison of Ion Personal Genome Machine Platforms for the Detection of Variants in BRCA1 and BRCA2,https://openalex.org/W2605297139
서울대,2017,4,Genetic and rare skin diseases.,A 6-Month-Old Girl with Incontinentia Pigmenti Presenting as Status Epilepticus,https://openalex.org/W2781524760
서울대,2017,3,Genomics and Rare Diseases,A case of possibly pathogenic PSEN2 R62C mutation in a patient with probable early-onset Alzheimer’s dementia supported by structure prediction,https://openalex.org/W2588130655
서울대,2017,0,Genetic and rare skin diseases.,A Case of Extensive Epibulbar Choristoma Associated with Microphthalmos,https://openalex.org/W2587769446
서울대,2016,27,Genomics and Rare Diseases,Wiedemann-Steiner Syndrome With 2 Novel KMT2A Mutations,https://openalex.org/W2536472726
서울대,2016,17,RNA regulation and disease,Atypical presentation of infantile‐onset farber disease with novel ASAH1 mutations,https://openalex.org/W2478215267
서울대,2016,11,Genomics and Rare Diseases,Ultra-rare Disease and Genomics-Driven Precision Medicine,https://openalex.org/W2461488296
서울대,2016,9,Teratomas and Epidermoid Cysts,Jacob’s disease: Report of a case,https://openalex.org/W2341409694
서울대,2016,1,Genomics and Rare Diseases,Rare high-impact disease variants: properties and identifications,https://openalex.org/W2306199496
서울대,2016,1,Genomics and Rare Diseases,"P2‐092: Novel, PSEN1 T119I Mutation in an Early‐Onset Alzheimer's Disease Patient",https://openalex.org/W2534689047
서울대,2016,0,Genomics and Rare Diseases,"P1‐125: A Possible Pathogenic Psen2 Mutation, H169N in a Korean Eoad Patient",https://openalex.org/W2533152334
서울대,2016,0,Genomics and Rare Diseases,P4‐050: Two Novel GRN Mutations in Korean Patients Diagnosed with Early Onset Alzheimer's Disease,https://openalex.org/W2538931800
서울대,2015,91,Genomics and Rare Diseases,Kabuki syndrome: clinical and molecular characteristics,https://openalex.org/W2159186950
서울대,2015,31,Genomics and Rare Diseases,The strong association of left-side heart anomalies with Kabuki syndrome,https://openalex.org/W1514983847
서울대,2015,18,Genomics and Rare Diseases,Effect of Next-Generation Exome Sequencing Depth for Discovery of Diagnostic Variants,https://openalex.org/W1791825763
서울대,2015,16,Glycogen Storage Diseases and Myoclonus,Application of whole exome sequencing to a rare inherited metabolic disease with neurological and gastrointestinal manifestations: A congenital disorder of glycosylation mimicking glycogen storage disease,https://openalex.org/W2094752966
서울대,2015,7,Genomics and Rare Diseases,Interpretation of personal genome sequencing data in terms of disease ranks based on mutual information,https://openalex.org/W1588654602
서울대,2015,3,Actinomycetales infections and treatment,Periappendiceal Actinomycosis Presenting as Acute Appendicitis,https://openalex.org/W2261306990
서울대,2015,1,Genomics and Rare Diseases,The role of de novo variants in complex and rare diseases pathogenesis,https://openalex.org/W1879142584
서울대,2015,0,Genomics and Rare Diseases,Erratum to: Gene panels and primers for next generation sequencing studies on neurodegenerative disorders,https://openalex.org/W2259934736
서울대,2014,105,Genomics and Rare Diseases,The Alu-Rich Genomic Architecture of SPAST Predisposes to Diverse and Functionally Distinct Disease-Associated CNV Alleles,https://openalex.org/W1988878096
서울대,2014,59,Genomics and Rare Diseases,Identification of KMT2D and KDM6A mutations by exome sequencing in Korean patients with Kabuki syndrome,https://openalex.org/W1987356543
서울대,2014,25,Genomics and Rare Diseases,"Prioritizing Disease-Linked Variants, Genes, and Pathways with an Interactive Whole-Genome Analysis Pipeline",https://openalex.org/W2136672520
서울대,2014,15,Genomics and Rare Diseases,Reducing False-Positive Incidental Findings with Ensemble Genotyping and Logistic Regression Based Variant Filtering Methods,https://openalex.org/W2050190078
서울대,2014,14,Glioma Diagnosis and Treatment,Rare Pediatric Central Neurocytomas,https://openalex.org/W2058227645
서울대,2014,11,Pneumocystis jirovecii pneumonia detection and treatment,Fulminant hepatitis linked to dapsone hypersensitivity syndrome requiring urgent living donor liver transplantation: A case report,https://openalex.org/W1998070204
서울대,2014,8,IgG4-Related and Inflammatory Diseases,A Case of Immunoglobulin G4-Related Disease Presenting as a Pleural Mass,https://openalex.org/W2166239298
서울대,2014,6,Genetic and rare skin diseases.,Demographic and clinical differences between unilateral and bilateral forms of naevoid telangiectasia: a retrospective study with review of the literature,https://openalex.org/W2115809592
서울대,2014,2,Genomics and Rare Diseases,The First Kazakh Whole Genomes: The First Report of NGS Data,https://openalex.org/W1595399155
서울대,2014,1,Case Reports on Hematomas,A rare pediatric variant of organized hematoma in the maxillary sinus,https://openalex.org/W2089673533
서울대,2014,0,Genomics and Rare Diseases,G.P.23,https://openalex.org/W1967282202
서울대,2014,0,Genomics and Rare Diseases,P1‐132: PATHOGENIC PSEN1 MUTATION DETECTED IN A KOREAN EOAD PATIENT,https://openalex.org/W2056305408
서울대,2013,63,Genomics and Rare Diseases,Distinct neurological features in a patient with Schinzel–Giedion syndrome caused by a recurrent SETBP1 mutation,https://openalex.org/W2118342540
서울대,2013,4,Genomics and Rare Diseases,AnsNGS: An Annotation System to Sequence Variations of Next Generation Sequencing Data for Disease-Related Phenotypes,https://openalex.org/W1978344847
서울대,2013,1,Systemic Lupus Erythematosus Research,Treatment of Refractory Lower Extremity Ulcer Associated with Sneddon's Syndrome,https://openalex.org/W2047530177
서울대,2012,247,Genomics and Rare Diseases,A public resource facilitating clinical use of genomes,https://openalex.org/W2169873962
서울대,2012,15,Genetic and rare skin diseases.,TREATMENT OF KELOID FORMATION FOLLOWING SYNDACTYLY DIVISION: SURGICAL TECHNIQUE,https://openalex.org/W2108133447
서울대,2012,3,Genomics and Rare Diseases,Development of Korean Rare Disease Knowledge Base,https://openalex.org/W2037101453
서울대,2011,436,Genomics and Rare Diseases,Too many roads not taken,https://openalex.org/W2012750155
서울대,2011,13,Cutaneous lymphoproliferative disorders research,A Case of Primary Cutaneous CD4 Positive Small/medium T Cell Lymphoma,https://openalex.org/W2050922691
서울대,2011,12,Genomics and Rare Diseases,Cleft Hand in Kabuki Make-Up Syndrome: Case Report,https://openalex.org/W2017974543
서울대,2011,5,Genomics and Rare Diseases,Strabismus and Poor Stereoacuity Associated with Kabuki Syndrome,https://openalex.org/W2150857266
서울대,2011,4,Genetic and rare skin diseases.,Four Cases of Lobulated Intradermal Nevus: A Sign of Aging Melanocytic Nevus,https://openalex.org/W2133285445
서울대,2011,2,Genomics and Rare Diseases,Introduction to bioinformatics: sequencing technology,https://openalex.org/W2040416704
서울대,2010,36,Genetic and rare skin diseases.,Papillary Glioneuronal Tumor Present in a Patient With Encephalocraniocutaneous Lipomatosis: Case Report,https://openalex.org/W2320754879
서울대,2010,8,Genetic and rare skin diseases.,The Common NF-κB Essential Modulator (NEMO) Gene Rearrangement in Korean Patients with Incontinentia Pigmenti,https://openalex.org/W2142058147
서울대,2010,5,Genomics and Rare Diseases,The first Irish genome and ways of improving sequence accuracy,https://openalex.org/W2137545849
서울대,2010,1,Genomics and Rare Diseases,Phenotypic and Cytogenetic Delineation of Six Korean Children with Kabuki Syndrome,https://openalex.org/W2081959261
서울대,2010,1,Genetic and rare skin diseases.,Clinical Features of Nevus of Ota in Korean Population,https://openalex.org/W1967145182
성균관대(삼성서울),2025,27,Genomics and Rare Diseases,Advancing genome-based precision medicine: a review on machine learning applications for rare genetic disorders,https://openalex.org/W4412487264
성균관대(삼성서울),2025,9,Genomics and Rare Diseases,Whole-genome sequencing analyses suggest novel genetic factors associated with Alzheimer’s disease and a cumulative effects model for risk liability,https://openalex.org/W4410739379
성균관대(삼성서울),2025,4,Genomics and Rare Diseases,Uncovering potential causal genes for undiagnosed congenital anomalies using an in-house pipeline for trio-based whole-genome sequencing,https://openalex.org/W4406085976
성균관대(삼성서울),2025,1,Genomics and Rare Diseases,Applying National Whole-genome Sequencing Findings for Rare Diseases in Clinical Practice: The Imperative of a Multidisciplinary Approach,https://openalex.org/W4414295513
성균관대(삼성서울),2025,0,Cutaneous lymphoproliferative disorders research,Mediastinal Lymphadenopathy Mimicking Relapse of Subcutaneous Panniculitis-Like T-Cell Lymphoma: A Final Diagnosis of Tuberculosis,https://openalex.org/W4415607042
성균관대(삼성서울),2025,0,Hereditary Neurological Disorders,Frequent De Novo Mutations in Korean Patients With Charcot–Marie–Tooth Disease,https://openalex.org/W4416329514
성균관대(삼성서울),2025,0,Histiocytic Disorders and Treatments,"Rosai–Dorfman Disease, Presenting as a Mass in the Trachea: A Case Report",https://openalex.org/W4416815808
성균관대(삼성서울),2025,0,Genetic and Kidney Cyst Diseases,Introduction to Renal Cysts and Cystic Diseases,https://openalex.org/W4417289264
성균관대(삼성서울),2025,0,Kawasaki Disease and Coronary Complications,Atypical Manifestation of Kawasaki Disease Presenting as Acalculous Cholecystitis,https://openalex.org/W7120194656
성균관대(삼성서울),2025,0,Genomics and Rare Diseases,Kabuki Syndrome Presenting with Congenital Hyperinsulinemic Hypoglycemia: The First Neonatal Case Reports in Korea,https://openalex.org/W7123339794
성균관대(삼성서울),2025,0,Genomics and Rare Diseases,"Identification of KIF11 Pathogenic Variant in a Korean Patient with Microcephaly, Lymphedema, Chorioretinal Dysplasia Syndrome",https://openalex.org/W4408857301
성균관대(삼성서울),2024,14,Sarcoma Diagnosis and Treatment,A Diagnostic and Therapeutic Dilemma: Giant Multifocal Retroperitoneal Dedifferentiated Liposarcoma with Dual Heterologous Components,https://openalex.org/W4414765006
성균관대(삼성서울),2024,6,Genomics and Rare Diseases,Diagnostic Utility of Whole Genome Sequencing After Negative Karyotyping/Chromosomal Microarray in Infants Born With Multiple Congenital Anomalies,https://openalex.org/W4401346120
성균관대(삼성서울),2024,5,Genomics and Rare Diseases,Low-level brain somatic mutations in exonic regions are collectively implicated in autism with germline mutations in autism risk genes,https://openalex.org/W4401235681
성균관대(삼성서울),2024,5,Genomics and Rare Diseases,Implementing genomic medicine in clinical practice for adults with undiagnosed rare diseases,https://openalex.org/W4404797642
성균관대(삼성서울),2024,3,Genomics and Rare Diseases,Clinical and molecular characteristics of Korean patients with Kabuki syndrome,https://openalex.org/W4399264593
성균관대(삼성서울),2024,2,Histiocytic Disorders and Treatments,Clinical Characteristics and Outcomes in Patients With Localized Gastric Langerhans Cell Histiocytosis: A Case Series,https://openalex.org/W4399503499
성균관대(삼성서울),2024,0,Genomics and Rare Diseases,Genomic Medicine in Clinical Practice for Adults: A Comprehensive Analysis of a Prospective Cohort with Undiagnosed Rare Diseases,https://openalex.org/W4396620494
성균관대(삼성서울),2023,20,Genomics and Rare Diseases,Genetic Diagnosis of Children With Neurodevelopmental Disorders Using Whole Genome Sequencing,https://openalex.org/W4386570083
성균관대(삼성서울),2023,13,Genomics and Rare Diseases,Experience of reassessing FBN1 variants of uncertain significance by gene-specific guidelines,https://openalex.org/W4385709279
성균관대(삼성서울),2023,9,Genomics and Rare Diseases,"Detecting Low-Variant Allele Frequency Mosaic Pathogenic Variants of NF1, TSC2, and AKT3 Genes from Blood in Patients with Neurodevelopmental Disorders",https://openalex.org/W4366754866
성균관대(삼성서울),2023,4,Genomics and Rare Diseases,Systematic analysis of Mendelian disease-associated gene variants reveals new classes of cancer-predisposing genes,https://openalex.org/W4390176032
성균관대(삼성서울),2023,3,Genomics and Rare Diseases,Optimal Protocols and Management of Clinical and Genomic Data Collection to Assist in the Early Diagnosis and Treatment of Multiple Congenital Anomalies,https://openalex.org/W4387498355
성균관대(삼성서울),2023,1,Genomics and Rare Diseases,Comprehensive profiling of mutational signatures and machine learning and subtypes of homologous recombination deficiency.,https://openalex.org/W4379285515
성균관대(삼성서울),2023,0,Genomics and Rare Diseases,Optimal Protocols of Clinical and Genomic Data Collection for Prevention and Management of Congenital Anomalies,https://openalex.org/W4386056049
성균관대(삼성서울),2023,0,Genetic and rare skin diseases.,Incontinentia Pigmenti,https://openalex.org/W4389925073
성균관대(삼성서울),2023,0,Genetic and rare skin diseases.,Coats-Krankheit,https://openalex.org/W4389925290
성균관대(삼성서울),2022,61,Genomics and Rare Diseases,A database of 5305 healthy Korean individuals reveals genetic and clinical implications for an East Asian population,https://openalex.org/W4307922464
성균관대(삼성서울),2022,2,Abdominal vascular conditions and treatments,Median arcuate ligamentum syndrome: Four case reports,https://openalex.org/W4212806501
성균관대(삼성서울),2022,1,IgG4-Related and Inflammatory Diseases,A Case of IgG4-Related Pseudotumor in Larynx,https://openalex.org/W4292996524
성균관대(삼성서울),2022,1,Genetic and rare skin diseases.,Recurrent Type B Pigmentary Demarcation Lines in Pregnancy: A Case Report,https://openalex.org/W4292683925
성균관대(삼성서울),2022,1,Genomics and Rare Diseases,Network analysis for estimating standardization trends in genomics using MEDLINE,https://openalex.org/W4303045064
성균관대(삼성서울),2022,0,Antifungal resistance and susceptibility,A Case of a 16-Year-Old Patient With Chronic Invasive Aspergillosis in the Trachea Treated With Segmental Tracheal Resection and Cricotracheal Anastomosis,https://openalex.org/W4224989409
성균관대(삼성서울),2022,0,Cancer Genomics and Diagnostics,Systematic analysis of disease-linked rare germline variants reveals new classes of cancer predisposing genes,https://openalex.org/W4393890651
성균관대(삼성서울),2021,15,Genomics and Rare Diseases,Identification of a novel KAT6A variant in an infant presenting with facial dysmorphism and developmental delay: a case report and literature review,https://openalex.org/W4200358814
성균관대(삼성서울),2021,12,Genomics and Rare Diseases,"Rare, Damaging DNA Variants in CORIN and Risk of Coronary Artery Disease: Insights From Functional Genomics and Large-Scale Sequencing Analyses",https://openalex.org/W3204774689
성균관대(삼성서울),2021,10,Genomics and Rare Diseases,Fast Healthcare Interoperability Resources (FHIR)–Based Quality Information Exchange for Clinical Next-Generation Sequencing Genomic Testing: Implementation Study,https://openalex.org/W3145356118
성균관대(삼성서울),2021,9,Genomics and Rare Diseases,Variations in Nomenclature of Clinical Variants between Annotation Tools,https://openalex.org/W3203572587
성균관대(삼성서울),2021,7,Kawasaki Disease and Coronary Complications,Identification of rare coding variants associated with Kawasaki disease by whole exome sequencing,https://openalex.org/W4206482621
성균관대(삼성서울),2021,4,Histiocytic Disorders and Treatments,A Case of Nasal Cavity and Laryngeal Involvement of Rosai–Dorfman Disease,https://openalex.org/W3216940524
성균관대(삼성서울),2021,4,Genomics and Rare Diseases,"Genetic pleiotropy of ERCC6 loss‐of‐function and deleterious missense variants links retinal dystrophy, arrhythmia, and immunodeficiency in diverse ancestries",https://openalex.org/W3160647417
성균관대(삼성서울),2021,2,Genomics and Rare Diseases,A Case of Next-generation Sequencing Gene Testing: Points to be Considered in Testing and Reporting,https://openalex.org/W3206077943
성균관대(삼성서울),2021,0,Genomics and Rare Diseases,Clinical Interpretation Challenges of Germline-Shared Somatic Variants in Cancer,https://openalex.org/W3173344811
성균관대(삼성서울),2020,176,Genomics and Rare Diseases,"Diagnostic yield and clinical utility of whole exome sequencing using an automated variant prioritization system, EVIDENCE",https://openalex.org/W3086776939
성균관대(삼성서울),2020,26,Genomics and Rare Diseases,Determining the best candidates for next‐generation sequencing‐based gene panel for evaluation of early‐onset epilepsy,https://openalex.org/W3040254839
성균관대(삼성서울),2020,19,Genomics and Rare Diseases,Two Novel Mutations of ANKRD11 Gene and Wide Clinical Spectrum in KBG Syndrome: Case Reports and Literature Review,https://openalex.org/W3106472719
성균관대(삼성서울),2020,18,Genomics and Rare Diseases,Clinical Genomic Sequencing Reports in Electronic Health Record Systems Based on International Standards: Implementation Study,https://openalex.org/W3033701936
성균관대(삼성서울),2020,11,Body Contouring and Surgery,A case report of Madelung’s disease,https://openalex.org/W3096960904
성균관대(삼성서울),2020,6,Genomics and Rare Diseases,Quantitative and Qualitative QC of Next-Generation Sequencing for Detecting Somatic Variants: An Example of Detecting Clonal Hematopoiesis of Indeterminate Potential,https://openalex.org/W3025566072
성균관대(삼성서울),2020,2,Genomics and Rare Diseases,Next-Generation Sequencing–Based Cancer Panel Data Conversion Using International Standards to Implement a Clinical Next-Generation Sequencing Research System: Single-Institution Study,https://openalex.org/W3004640216
성균관대(삼성서울),2020,1,Genetic and rare skin diseases.,Two Cases of Multiple Epidermolytic Acanthomas Mimicking Verruca Vulgaris,https://openalex.org/W3101570896
성균관대(삼성서울),2020,0,Vascular Tumors and Angiosarcomas,A Case of Kimura’s Disease Without Eosinophilia,https://openalex.org/W3031160381
성균관대(삼성서울),2020,0,Genomics and Rare Diseases,"High Diagnostic Yield and Clinical Utility of Whole Exome Sequencing Using an Automated Variant Prioriti S Ation System, EVIDENCE, for Patients with Suspected Genetic Disorders",https://openalex.org/W3098558938
성균관대(삼성서울),2019,36,Genomics and Rare Diseases,Genomic Common Data Model for Seamless Interoperation of Biomedical Data in Clinical Practice: Retrospective Study,https://openalex.org/W2915954436
성균관대(삼성서울),2019,13,Genomics and Rare Diseases,Hereditary platelet function disorder from RASGRP2 gene mutations encoding CalDAG-GEFI identified by whole-exome sequencing in a Korean woman with severe bleeding,https://openalex.org/W2922311520
성균관대(삼성서울),2019,5,Genomics and Rare Diseases,Pilot study of EVIDENCE: High diagnostic yield and clinical utility of whole exome sequencing using an automated interpretation system for patients with suspected genetic disorders,https://openalex.org/W3105752759
성균관대(삼성서울),2019,1,Coronary Artery Anomalies,Sinus of Valsalva aneurysm after blunt chest trauma with complicated perforation by infective endocarditis,https://openalex.org/W2955662547
성균관대(삼성서울),2019,1,Genetic and rare skin diseases.,Incontinentia Pigmenti,https://openalex.org/W4251980061
성균관대(삼성서울),2019,0,Genomics and Rare Diseases,[Genomic medicine in primary care].,https://openalex.org/W3025308066
성균관대(삼성서울),2019,0,Genetic and rare skin diseases.,Coats Disease,https://openalex.org/W4254860272
성균관대(삼성서울),2019,0,Genomics and Rare Diseases,Clinical Genomic Sequencing Reports in Electronic Health Record Systems Based on International Standards: Implementation Study (Preprint),https://openalex.org/W4255113378
성균관대(삼성서울),2018,42,Genomics and Rare Diseases,Principles of Genetic Counseling in the Era of Next-Generation Sequencing,https://openalex.org/W2795620804
성균관대(삼성서울),2018,31,Genetic and rare skin diseases.,Ptosis in childhood,https://openalex.org/W2967443806
성균관대(삼성서울),2018,14,Genomics and Rare Diseases,A New Integrated Newborn Screening Workflow Can Provide a Shortcut to Differential Diagnosis and Confirmation of Inherited Metabolic Diseases,https://openalex.org/W2805066158
성균관대(삼성서울),2018,9,Soft tissue tumor case studies,A Case Report of the Intravascular Fasciitis of a Neck Vein Mimicking Intravascular Tumorous Conditions,https://openalex.org/W2900745648
성균관대(삼성서울),2017,365,Genomics and Rare Diseases,Human knockouts and phenotypic analysis in a cohort with a high rate of consanguinity,https://openalex.org/W2605659507
성균관대(삼성서울),2017,11,Genetic and rare skin diseases.,Clinicopathologic characteristics of early‐onset Becker's nevus in Korean children and adolescents,https://openalex.org/W2766146916
성균관대(삼성서울),2016,10439,Genomics and Rare Diseases,"Analysis of protein-coding genetic variation in 60,706 humans",https://openalex.org/W2256016639
성균관대(삼성서울),2016,55,Abdominal vascular conditions and treatments,Current Understandings of Spontaneous Isolated Superior Mesenteric Artery Dissection,https://openalex.org/W2470540962
성균관대(삼성서울),2016,8,Genomics and Rare Diseases,Kabuki Syndrome with Cleft Palate,https://openalex.org/W2525450887
성균관대(삼성서울),2016,6,Biochemical and Molecular Research,Congenital insensitivity to pain and anhydrosis due to a rare mutation and that is complicated by inflammatory bowel disease and amyloidosis: a case report,https://openalex.org/W2518661703
성균관대(삼성서울),2016,1,Genomics and Rare Diseases,Response to Biesecker,https://openalex.org/W2327617189
성균관대(삼성서울),2016,0,Genomics and Rare Diseases,Directly converted iNeuron as a screening model for pathogenic variants,https://openalex.org/W2567029861
성균관대(삼성서울),2015,144,Genomics and Rare Diseases,"Analysis of protein-coding genetic variation in 60,706 humans",https://openalex.org/W2950257119
성균관대(삼성서울),2015,52,Genomics and Rare Diseases,Frequency and spectrum of actionable pathogenic secondary findings in 196 Korean exomes,https://openalex.org/W1979312562
성균관대(삼성서울),2015,19,"Pneumothorax, Barotrauma, Emphysema",Spontaneous Pneumomediastinum: A Rare Disease Associated with Chest Pain in Adolescents,https://openalex.org/W1911422514
성균관대(삼성서울),2015,16,Glycogen Storage Diseases and Myoclonus,Application of whole exome sequencing to a rare inherited metabolic disease with neurological and gastrointestinal manifestations: A congenital disorder of glycosylation mimicking glycogen storage disease,https://openalex.org/W2094752966
성균관대(삼성서울),2015,4,Genetic and rare skin diseases.,A Case of Solitary Porokeratosis Mimicking Circumscribed Palmar Hypokeratosis,https://openalex.org/W1992798653
성균관대(삼성서울),2015,1,Neonatal Respiratory Health Research,Pulmonary alveolar proteinosis in a 15-year-old girl,https://openalex.org/W2161426717
성균관대(삼성서울),2014,26,IgG4-Related and Inflammatory Diseases,A Case Report of IgG4-Related Disease Clinically Mimicking Pleural Mesothelioma,https://openalex.org/W2135081845
성균관대(삼성서울),2014,23,Genomics and Rare Diseases,Comprehensive Analysis to Improve the Validation Rate for Single Nucleotide Variants Detected by Next-Generation Sequencing,https://openalex.org/W2088075909
성균관대(삼성서울),2014,13,Tuberous Sclerosis Complex Research,Extrapulmonary Lymphangioleiomyoma: Clinicopathological Analysis of 4 Cases,https://openalex.org/W2036753697
성균관대(삼성서울),2014,6,Genomics and Rare Diseases,The genomic architecture of the PROS1 gene underlying large tandem duplication mutation that causes thrombophilia from hereditary protein S deficiency,https://openalex.org/W2011096597
성균관대(삼성서울),2014,4,Genetic and rare skin diseases.,Identification of Somatic KRAS Mutation in a Korean Baby with Nevus Sebaceus Syndrome,https://openalex.org/W2164211200
성균관대(삼성서울),2013,10,Genomics and Rare Diseases,A novelMLL2gene mutation in a Korean patient with Kabuki syndrome,https://openalex.org/W2134675124
성균관대(삼성서울),2013,0,Genetic and rare skin diseases.,Spontaneous Unilateral Earlobe Keloid,https://openalex.org/W1983916821
성균관대(삼성서울),2013,0,Genetic and rare skin diseases.,Epidermal Nevus Syndrome Associated with Ipsilateral Monostotic Fibrous Dysplasia: An Uncommon Skeletal Abnormality.,https://openalex.org/W2588919271
성균관대(삼성서울),2012,11,Histiocytic Disorders and Treatments,Solitary Langerhans cell histiocytosis arising from sternum: a case report,https://openalex.org/W1971281466
성균관대(삼성서울),2011,44,Sarcoma Diagnosis and Treatment,Reconstructive challenge of dermatofibrosarcoma protuberans in the female breast,https://openalex.org/W2065185051
성균관대(삼성서울),2011,8,Genetic and rare skin diseases.,Sexual precocity in hypomelanosis of Ito: mosaicism‐associated case report and literature review,https://openalex.org/W1922409915
성균관대(삼성서울),2010,12,Genetic and rare skin diseases.,Lichen striatus in an adult treated by a short course of low‐dose systemic corticosteroid,https://openalex.org/W1507422068
성균관대(삼성서울),2010,8,Genetic and rare skin diseases.,The Common NF-κB Essential Modulator (NEMO) Gene Rearrangement in Korean Patients with Incontinentia Pigmenti,https://openalex.org/W2142058147
성균관대(삼성서울),2010,2,Vascular Malformations and Hemangiomas,A Case of Tracheal Capillary Hemangioma in an Adult,https://openalex.org/W1992377568
연세대,2025,4,Genomics and Rare Diseases,Accurate detection of somatic single-nucleotide variants from bulk RNA-seq data using RNA-MosaicHunter,https://openalex.org/W7119885985
연세대,2025,2,Genomics and Rare Diseases,Genome Sequencing of Rare Disease Patients Through the Korean Regional Rare Disease Diagnostic Support Program,https://openalex.org/W4408327431
연세대,2025,1,Genomics and Rare Diseases,Applying National Whole-genome Sequencing Findings for Rare Diseases in Clinical Practice: The Imperative of a Multidisciplinary Approach,https://openalex.org/W4414295513
연세대,2025,0,"Amyloidosis: Diagnosis, Treatment, Outcomes",#511 A case of MPO-ANCA positive dense deposit disease (DDD) with normal C3 levels presenting with end-stage renal disease (ESRD) at admission,https://openalex.org/W4415435351
연세대,2025,0,Histiocytic Disorders and Treatments,Erdheim-Chester Disease Mimicking a Malignant Pituitary Stalk Tumor With Ventricular Dissemination: A Case Report,https://openalex.org/W4416059595
연세대,2025,0,Genomics and Rare Diseases,P235: Exploring precision medicine through genome sequencing for patients suspected of rare genetic disorders,https://openalex.org/W4408532267
연세대,2025,0,Genomics and Rare Diseases,Investigating the utility of large language models for image-based rare disease phenotyping,https://openalex.org/W4411853481
연세대,2025,0,Genomics and Rare Diseases,"Clinical implementation of a multidisciplinary pipeline for genome sequencing in rare diseases: A prospective, multicenter, observational cohort study",https://openalex.org/W4412185237
연세대,2025,0,Genomics and Rare Diseases,Varaser : Genetic individual identification free from direct raw data sharing,https://openalex.org/W4417018836
연세대,2024,17,Genomics and Rare Diseases,Somatic variant analysis of resected brain tissue in epilepsy surgery patients,https://openalex.org/W4403782732
연세대,2024,11,Genomics and Rare Diseases,Clinician-Driven Reanalysis of Exome Sequencing Data From Patients With Inherited Retinal Diseases,https://openalex.org/W4399210631
연세대,2024,7,Genomics and Rare Diseases,Dental Treatment Patterns in Pediatric Patients with Rare Diseases: A Retrospective Analysis at Yonsei University Dental Hospital,https://openalex.org/W4404685847
연세대,2024,5,Genomics and Rare Diseases,Low-level brain somatic mutations in exonic regions are collectively implicated in autism with germline mutations in autism risk genes,https://openalex.org/W4401235681
연세대,2024,5,Genomics and Rare Diseases,Implementing genomic medicine in clinical practice for adults with undiagnosed rare diseases,https://openalex.org/W4404797642
연세대,2024,2,Genomics and Rare Diseases,Digital Phenotyping of Rare Endocrine Diseases Across International Data Networks and the Effect of Granularity of Original Vocabulary,https://openalex.org/W4405019259
연세대,2024,1,Genetic and rare skin diseases.,Distinct signatures of cutaneous microbiome associated with disease severity in Hailey–Hailey disease,https://openalex.org/W4401103302
연세대,2023,9,Genomics and Rare Diseases,"Detecting Low-Variant Allele Frequency Mosaic Pathogenic Variants of NF1, TSC2, and AKT3 Genes from Blood in Patients with Neurodevelopmental Disorders",https://openalex.org/W4366754866
연세대,2023,8,Genomics and Rare Diseases,Genotypes and phenotypes ofDNM1encephalopathy,https://openalex.org/W4378672786
연세대,2023,7,Genomics and Rare Diseases,Prioritization of research engaged with rare disease stakeholders: a systematic review and thematic analysis,https://openalex.org/W4388941267
연세대,2023,1,Genomics and Rare Diseases,Corrigendum: Long-term outcome of Bartter syndrome in 54 patients: a multicenter study in Korea,https://openalex.org/W4378908496
연세대,2023,1,Genomics and Rare Diseases,Prioritization of Research Engaged with Rare Disease Stakeholders: A Systematic Review and Thematic Analysis,https://openalex.org/W4379015977
연세대,2023,0,Genomics and Rare Diseases,The Role of Medical Technologists in Next-Generation Sequencing and Clinical Genetic Tests,https://openalex.org/W4387112075
연세대,2022,61,Genomics and Rare Diseases,A database of 5305 healthy Korean individuals reveals genetic and clinical implications for an East Asian population,https://openalex.org/W4307922464
연세대,2022,22,Genomics and Rare Diseases,Copy‐number analysis by base‐level normalization: An intuitive visualization tool for evaluating copy number variations,https://openalex.org/W4296935333
연세대,2022,5,Genomics and Rare Diseases,PhenGenVar: A User-Friendly Genetic Variant Detection and Visualization Tool for Precision Medicine,https://openalex.org/W4282045563
연세대,2022,3,Genomics and Rare Diseases,Asymmetric Contribution of Blastomere Lineages of First Division of the Zygote to Entire Human Body Using Post-Zygotic Variants,https://openalex.org/W4224279657
연세대,2022,2,Genetic and rare skin diseases.,Nevus Comedonicus Syndrome Associated with Psychiatric Disorder,https://openalex.org/W4210680124
연세대,2022,1,Genomics and Rare Diseases,Copy-number Analysis by Base-level Normalization (CABANA): An Intuitive Visualization Tool for Confirming True Copy Number Variations,https://openalex.org/W4210408153
연세대,2021,3,Genomics and Rare Diseases,Sharing genetic variants with the NGS pipeline is essential for effective genomic data sharing and reproducibility in health information exchange,https://openalex.org/W3125755750
연세대,2021,1,Genetic and rare skin diseases.,Comprehensive Treatment of a Skeletal Class III Growing Patient with Alveolar Bone Hypertrophy in the Anterior Mandible Associated with Becker’s Nevus Syndrome: A Case Report,https://openalex.org/W3123653131
연세대,2021,0,Cervical and Thoracic Myelopathy,Tapia Syndrome after Cervical Laminoplasty: A Case Report and Literature Review,https://openalex.org/W3209847873
연세대,2020,20,Genomics and Rare Diseases,Genetic diagnosis and clinical characteristics by etiological classification in early-onset epileptic encephalopathy with burst suppression pattern,https://openalex.org/W3013775038
연세대,2020,18,Genomics and Rare Diseases,Reanalysis of Genomic Sequencing Results in a Clinical Laboratory: Advantages and Limitations,https://openalex.org/W3037306000
연세대,2020,4,Genomics and Rare Diseases,Genomic Landscape and Mutational Spectrum of ADAMTS Family Genes in Mendelian Disorders Based on Gene Evidence Review for Variant Interpretation,https://openalex.org/W3011370572
연세대,2020,2,Osteomyelitis and Bone Disorders Research,A rare case of chronic nonbacterial osteomyelitis of the mandible in a young adult male,https://openalex.org/W3014667572
연세대,2019,165,Genomics and Rare Diseases,Brain somatic mutations observed in Alzheimer’s disease associated with aging and dysregulation of tau phosphorylation,https://openalex.org/W2960481741
연세대,2019,142,Genomics and Rare Diseases,Precise detection of low-level somatic mutation in resected epilepsy brain tissue,https://openalex.org/W2966760373
연세대,2019,36,Genomics and Rare Diseases,Genomic Common Data Model for Seamless Interoperation of Biomedical Data in Clinical Practice: Retrospective Study,https://openalex.org/W2915954436
연세대,2019,33,Genomics and Rare Diseases,Proband-Only Clinical Exome Sequencing for Neurodevelopmental Disabilities,https://openalex.org/W2917885502
연세대,2019,10,Genomics and Rare Diseases,BAMixChecker: an automated checkup tool for matched sample pairs in NGS cohort,https://openalex.org/W2949526693
연세대,2019,5,Genetic and rare skin diseases.,A Somatic p.Phe29del Mutation of Connexin 26 (GJB2) Manifesting as Acantholytic Dyskeratotic Epidermal Nevus,https://openalex.org/W2923049255
연세대,2018,100,Genomics and Rare Diseases,Targeted gene panel and genotype-phenotype correlation in children with developmental and epileptic encephalopathy,https://openalex.org/W2790051543
연세대,2018,82,Genomics and Rare Diseases,Brain somatic mutations in SLC35A2 cause intractable epilepsy with aberrant N-glycosylation,https://openalex.org/W2902245576
연세대,2018,14,Genomics and Rare Diseases,A New Integrated Newborn Screening Workflow Can Provide a Shortcut to Differential Diagnosis and Confirmation of Inherited Metabolic Diseases,https://openalex.org/W2805066158
연세대,2018,10,Neurofibromatosis and Schwannoma Cases,Successful Surgical Treatment of a Recurrent Esophageal Malignant Gastrointestinal Neuroectodermal Tumor,https://openalex.org/W2796115162
연세대,2018,0,Genomics and Rare Diseases,Personalized diagnosis and management of inherited pediatric ophthalmic diseases by Next-Generation Sequencing,https://openalex.org/W2934305308
연세대,2017,21,Genomics and Rare Diseases,Prevalence of Rare Genetic Variations and Their Implications in NGS-data Interpretation,https://openalex.org/W2749221838
연세대,2017,11,Genetic and rare skin diseases.,Clinicopathologic characteristics of early‐onset Becker's nevus in Korean children and adolescents,https://openalex.org/W2766146916
연세대,2017,6,Genetic and rare skin diseases.,Almost Unilateral Focal Dermal Hypoplasia,https://openalex.org/W2588232919
연세대,2017,3,Genomics and Rare Diseases,AIRVF: a filtering toolbox for precise variant calling in Ion Torrent sequencing,https://openalex.org/W2767957235
연세대,2017,2,Genetic and rare skin diseases.,Porokeratosis Ptychotropica Coexisting with Tinea Corporis,https://openalex.org/W2725496657
연세대,2017,2,Genetic and rare skin diseases.,Circumscribed palmoplantar hypokeratosis: successful treatment with the 10 600‐nm carbon dioxide fractional laser,https://openalex.org/W2613738222
연세대,2017,1,Genetic and rare skin diseases.,Eruptive multiple seborrheic keratoses with a palm tree‐like pattern without underlying malignancy,https://openalex.org/W2766898870
연세대,2016,43,Genetic and rare skin diseases.,Slitrk Missense Mutations Associated with Neuropsychiatric Disorders Distinctively Impair Slitrk Trafficking and Synapse Formation,https://openalex.org/W2537421021
연세대,2016,28,Genomics and Rare Diseases,Discovery of pathogenic variants in a large Korean cohort of inherited muscular disorders,https://openalex.org/W2475950948
연세대,2016,1,Genomics and Rare Diseases,Rare high-impact disease variants: properties and identifications,https://openalex.org/W2306199496
연세대,2016,1,Genetic and rare skin diseases.,Well-circumscribed erythematous depressed annular patches on palm,https://openalex.org/W2530896900
연세대,2015,331,Genomics and Rare Diseases,Systematic comparison of variant calling pipelines using gold standard personal exome variants,https://openalex.org/W2190569576
연세대,2015,20,Genomics and Rare Diseases,Identification of genomic features in the classification of loss- and gain-of-function mutation,https://openalex.org/W1924609655
연세대,2015,6,Vascular Malformations and Hemangiomas,A Successfully Treated Case of Gorham-Stout Syndrome with Sternal Involvement,https://openalex.org/W2090176007
연세대,2015,6,Genetic and rare skin diseases.,Nevus lipomatosus superficialis associated with deep penetrating nevus,https://openalex.org/W1582630867
연세대,2014,0,Renal Diseases and Glomerulopathies,Portal Vein Thrombosis in Minimal Change Disease,https://openalex.org/W2099821187
연세대,2014,0,Genetic and rare skin diseases.,Localized Darier’s Disease Mimicking Lichen Simplex Chronicus on the Back,https://openalex.org/W2908506845
연세대,2013,13,Genetic and rare skin diseases.,Verruciform xanthoma of the palatal gingiva: a report of two cases,https://openalex.org/W2004638377
연세대,2013,5,Genetic and rare skin diseases.,Sebaceous Hyperplasia Effectively Improved by the Pin-Hole Technique with Squeezing,https://openalex.org/W2006106932
연세대,2013,2,Genetic and rare skin diseases.,Cockarde (Target-Like Lesion) Seborrheic Keratosis: An Unusual Clinical Pattern,https://openalex.org/W2083705112
연세대,2012,6,Genetic and rare skin diseases.,Linear milia en plaque on the central face: An acquired skin rash following Blaschko’s lines?,https://openalex.org/W1959861876
연세대,2012,2,Actinomycetales infections and treatment,A Rare Case of Pericardial Actinomycosis,https://openalex.org/W1976208195
연세대,2012,2,Genetic and rare skin diseases.,PHACE syndrome associated with club foot and thumb‐in‐palm deformity,https://openalex.org/W1569327371
연세대,2012,1,Genetic and rare skin diseases.,An Acquired Anemic Patch Developed after a Cyst Excision: Is It a Variant of Nevus Anemicus?,https://openalex.org/W2048228811
연세대,2012,0,Genetic and rare skin diseases.,An acquired anemic patch developed after a cyst excision: is it a variant of nevus anemicus?,https://openalex.org/W3175664829
연세대,2011,24,Genetic and rare skin diseases.,Exclusive facial porokeratosis: Histopathologically showing follicular cornoid lamellae,https://openalex.org/W2144249499
연세대,2011,13,Genetic and rare skin diseases.,"Letter: Treatment of Lipomas Using a Subdermal 1,444-nm Micropulsed Neodymium-Doped Yttrium Aluminum Garnet Laser",https://openalex.org/W2066854057
연세대,2011,9,Genetic and rare skin diseases.,Nevus Sebaceous Accompanying Secondary Neoplasms and Unique Histopathologic Findings,https://openalex.org/W2096909292
연세대,2011,8,Genetic and rare skin diseases.,Sexual precocity in hypomelanosis of Ito: mosaicism‐associated case report and literature review,https://openalex.org/W1922409915
연세대,2011,6,Genetic and rare skin diseases.,Ultrastructural features of nevus comedonicus,https://openalex.org/W1791791635
연세대,2011,1,Diagnosis and treatment of tuberculosis,A case of mass-forming splenic tuberculosis: MRI findings with emphasis of diffusion-weighted imaging characteristics,https://openalex.org/W2997203628
연세대,2010,13,Renal and related cancers,A Case of Embryonal Sarcoma of the Liver Mimicking a Hydatid Cyst in an Adult,https://openalex.org/W2052747955
연세대,2010,9,Genetic and rare skin diseases.,Limbal Stem Cell Transplantation for Limbal Dermoid,https://openalex.org/W2003919815
연세대,2010,4,Genetic and rare skin diseases.,Variant of phacomatosis pigmentokeratotica,https://openalex.org/W1604847370
연세대,2010,3,Genetic and rare skin diseases.,Grover’s disease associated with pregnancy,https://openalex.org/W1987901707
연세대,2010,1,Lymphadenopathy Diagnosis and Analysis,A Case Report of Kikuchi-Fujimoto Disease with Immune Thrombocytopenic Purpura,https://openalex.org/W2153931161
가톨릭대,2025,7,Genomics and Rare Diseases,Evaluation of false positive and false negative errors in targeted next generation sequencing,https://openalex.org/W4416856451
가톨릭대,2025,1,Biosimilars and Bioanalytical Methods,Carbamazepine-induced pure red cell aplasia in an elderly patient with ESKD on hemodialysis: a case report,https://openalex.org/W4416777808
가톨릭대,2025,1,Genomics and Rare Diseases,"Polymorphisms in CACNA1A, CACNA1C, and CACNA1H Genes in Korean Pediatric Patients with Developmental Delay and Intellectual Disability: A Focus on Epilepsy Comorbidity",https://openalex.org/W4411874512
가톨릭대,2025,0,Neuroendocrine Tumor Research Advances,Integrative Genomic and Clinicopathologic Characterization of Pure Primary Ovarian Large Cell Neuroendocrine Carcinoma: A Case Report and Molecular Insight,https://openalex.org/W4414608561
가톨릭대,2025,0,Peripheral Neuropathies and Disorders,42PRare case of Guillain-Barré syndrome presenting as isolated acute dysphagia with full recovery,https://openalex.org/W4414801386
가톨릭대,2025,0,Cardiac tumors and thrombi,Diagnostic challenge of aneurysmal dermatofibroma mimicking cutaneous metastasis in a patient with lung cancer: A case report,https://openalex.org/W4416092479
가톨릭대,2025,0,Metastasis and carcinoma case studies,An Unusual Cause of Hematemesis in a Patient Previously Treated for Cholangiocarcinoma,https://openalex.org/W4417015349
가톨릭대,2025,0,Gastrointestinal Tumor Research and Treatment,Primary leiomyosarcoma of the descending colon initially non-diagnostic on biopsy: a case report,https://openalex.org/W7117447933
가톨릭대,2025,0,Genomics and Rare Diseases,P235: Exploring precision medicine through genome sequencing for patients suspected of rare genetic disorders,https://openalex.org/W4408532267
가톨릭대,2025,0,Genomics and Rare Diseases,Abstract 5057: Enhancing clinical applications by evaluation of sensitivity and specificity in whole exome sequencing,https://openalex.org/W4409634152
가톨릭대,2025,0,Genomics and Rare Diseases,"Clinical implementation of a multidisciplinary pipeline for genome sequencing in rare diseases: A prospective, multicenter, observational cohort study",https://openalex.org/W4412185237
가톨릭대,2025,0,Genomics and Rare Diseases,Clinical and Molecular Spectrum of PPP2R1A-Related Neurodevelopmental Disorders: A Systematic Review,https://openalex.org/W4417365320
가톨릭대,2024,7,Genomics and Rare Diseases,Diagnostic Yield of Trio Whole-Genome Sequencing in Children with Undiagnosed Developmental Delay or Congenital Anomaly: A Prospective Cohort Study,https://openalex.org/W4401245348
가톨릭대,2024,4,Genomics and Rare Diseases,Safe Utilization and Sharing of Genomic Data: Amendment to the Health and Medical Data Utilization Guidelines of South Korea,https://openalex.org/W4399436562
가톨릭대,2024,3,Genomics and Rare Diseases,Enhancing Clinical Applications by Evaluation of Sensitivity and Specificity in Whole Exome Sequencing,https://openalex.org/W4405242667
가톨릭대,2024,2,Dysphagia Assessment and Management,Isolated Acute Dysphagia as a Probable Rare Presentation of Guillain–Barré Syndrome with Complete Recovery: A Case Report,https://openalex.org/W4400289416
가톨릭대,2024,0,PI3K/AKT/mTOR signaling in cancer,A Pediatric Case of Bannayan–Riley–Ruvalcaba Syndrome with Recurrent Iron Deficiency Anemia,https://openalex.org/W4396496608
가톨릭대,2024,0,IgG4-Related and Inflammatory Diseases,Immunoglobulin G4-related disease mimicking an appendiceal neoplasm: a case report,https://openalex.org/W4399902833
가톨릭대,2024,0,Genomics and Rare Diseases,P264: Whole genome sequencing for the diagnosis of undiagnosed global developmental delay,https://openalex.org/W4392588900
가톨릭대,2024,0,Genomics and Rare Diseases,Exploring Precision Medicine Through Genome Sequencing in Patients Suspected of a Rare Genetic Disorder,https://openalex.org/W4403394173
가톨릭대,2023,7,Genetic and rare skin diseases.,Whole‐exome sequencing of secondary tumors arising from nevus sebaceous revealed additional genomic alterations besides RAS mutations,https://openalex.org/W4327892778
가톨릭대,2023,2,Genetic and rare skin diseases.,Acantholytic dyskeratotic acanthoma: A rare and underappreciated entity,https://openalex.org/W4366685202
가톨릭대,2023,1,Genetic and rare skin diseases.,Natural History of Nevus Depigmentosus: A Long-term Follow-up Study of 102 Cases,https://openalex.org/W4379473511
가톨릭대,2023,1,Genomics and Rare Diseases,Corrigendum: Long-term outcome of Bartter syndrome in 54 patients: a multicenter study in Korea,https://openalex.org/W4378908496
가톨릭대,2023,1,Genomics and Rare Diseases,Comprehensive profiling of mutational signatures and machine learning and subtypes of homologous recombination deficiency.,https://openalex.org/W4379285515
가톨릭대,2022,11,Infectious Diseases and Tuberculosis,Isolated Tuberculous Myositis: A Systematic Review and Multicenter Cases,https://openalex.org/W4285987983
가톨릭대,2022,10,Genetic and rare skin diseases.,"Malignant transformation of nevus sebaceous to basal-cell carcinoma: Case series, literature review, and management algorithm",https://openalex.org/W4290773016
가톨릭대,2022,6,Genetic and rare skin diseases.,Epibulbar osseous choristoma with dermolipoma: A case report and review of literature,https://openalex.org/W4310603193
가톨릭대,2022,0,Genetic Neurodegenerative Diseases,Ischemic Stroke with Antiphospholipid Syndrome in a Myotonic Dystrophy Type 1 Patient: A Rare Case Report,https://openalex.org/W4313364603
가톨릭대,2021,7,Kawasaki Disease and Coronary Complications,Identification of rare coding variants associated with Kawasaki disease by whole exome sequencing,https://openalex.org/W4206482621
가톨릭대,2021,4,Tracheal and airway disorders,Tracheobronchopathia Osteochondroplastica Associated with Fibrotic Interstitial Lung Disease,https://openalex.org/W3209097078
가톨릭대,2020,1,Cancer and Skin Lesions,Malignant Hidradenocarcinoma Initially Diagnosed as an Apocrine Hidrocystoma: a Case Report and Literature Review,https://openalex.org/W3018978453
가톨릭대,2020,0,Genetic and rare skin diseases.,Multiple Yellow-Brown Papules on the Penis,https://openalex.org/W3044170719
가톨릭대,2019,47,Genomics and Rare Diseases,Genetic tests by next-generation sequencing in children with developmental delay and/or intellectual disability,https://openalex.org/W2983439625
가톨릭대,2019,18,Genomics and Rare Diseases,Usefulness of comprehensive targeted multigene panel sequencing for neuromuscular disorders in Korean patients,https://openalex.org/W2971655121
가톨릭대,2019,4,Bone Tumor Diagnosis and Treatments,A rare case of multiple and huge simple bone cysts in Wilson’s disease,https://openalex.org/W2943708315
가톨릭대,2019,0,Systemic Sclerosis and Related Diseases,"A Rare Case of Overlap Syndrome with Diffuse Systemic Sclerosis, Rheumatoid Arthritis, and Cutaneous Sarcoidosis",https://openalex.org/W2979166264
가톨릭대,2017,4,Cardiac tumors and thrombi,Hemangioma originating from the main pulmonary artery,https://openalex.org/W2760712630
가톨릭대,2017,4,Genomics and Rare Diseases,Validation of Customized Cancer Panel for Detecting Somatic Mutations and Copy Number Alterations,https://openalex.org/W2775907398
가톨릭대,2017,4,Genomics and Rare Diseases,Are Double Mutations Double Trouble?,https://openalex.org/W2605537279
가톨릭대,2017,2,Genetic and rare skin diseases.,Astigmatic Analysis before and after Surgical Excision of Limbal Dermoid: Functional Outcome,https://openalex.org/W2760657421
가톨릭대,2017,2,Genomics and Rare Diseases,AB052. Application of facial dysmorphology analysis technology (Face2gene) in Korean rare genetic diseases,https://openalex.org/W2760355281
가톨릭대,2016,9,Genetic and rare skin diseases.,Effectiveness of the 308-nm excimer laser on hypopigmentation after lichen striatus: A retrospective study of 12 patients,https://openalex.org/W2508329700
가톨릭대,2016,3,Sarcoidosis and Beryllium Toxicity Research,"‘Rare’ manifestation of ‘rare’ disease: sarcoidosis presenting as pancreatitis, duodenal ulcer and severe acute kidney injury",https://openalex.org/W2509936012
가톨릭대,2016,1,Genetic and rare skin diseases.,Congenital Melanocytic Nevus with Distinctive Nevus Cell Proliferation within Multiple Epidermal Cyst-Like Changes,https://openalex.org/W2290613890
가톨릭대,2015,37,Genetic and rare skin diseases.,Nail lichen striatus: report of seven cases and review of the literature,https://openalex.org/W2098723849
가톨릭대,2015,5,Vasculitis and related conditions,Churg-Strauss Syndrome as an Unusual Cause of Dysphagia: Case Report,https://openalex.org/W2125088196
가톨릭대,2015,5,Genetic and rare skin diseases.,Cerebriform Nevus Sebaceous,https://openalex.org/W2328961313
가톨릭대,2015,3,Genetic and rare skin diseases.,Phacomatosis Pigmentovascularis Type Vb in a Three-Year Old Boy,https://openalex.org/W948544003
가톨릭대,2015,2,Intraocular Surgery and Lenses,Anterior dislocation of an empty capsular bag in a pseudophakic eye: A rare case report,https://openalex.org/W1571619660
가톨릭대,2014,6,Genetic and rare skin diseases.,Axillary arch: detailed ultrasonographic images with multiplanar CT correlation,https://openalex.org/W2101417683
가톨릭대,2013,13,Genetic and rare skin diseases.,Medallion-Like Dermal Dendrocyte Hamartoma: Differential Diagnosis with Congenital Atrophic Dermatofibrosarcoma Protuberans,https://openalex.org/W2067256083
가톨릭대,2013,6,Genetic and rare skin diseases.,Zosteriform transient acantholytic dermatosis,https://openalex.org/W1985172528
가톨릭대,2013,4,Parasitic infections in humans and animals,Sparganosis in a patient with diffuse large B cell lymphoma,https://openalex.org/W1975640433
가톨릭대,2013,0,Genetic and rare skin diseases.,A boy with brown plaques on the penis,https://openalex.org/W2035796589
가톨릭대,2012,14,Genetic and rare skin diseases.,Progressive cribriform and zosteriform hyperpigmentation: a clinicopathologic study,https://openalex.org/W1927628702
가톨릭대,2012,6,IgG4-Related and Inflammatory Diseases,Spontaneous Regression of Sclerosing Mesenteritis Presenting as a Huge Mass,https://openalex.org/W2031997528
가톨릭대,2012,1,Cutaneous Melanoma Detection and Management,Two cases of primary malignant melanoma of vagina,https://openalex.org/W2064440947
가톨릭대,2011,24,Genetic and rare skin diseases.,Non-familial Acrokeratosis Verruciformis of Hopf,https://openalex.org/W2128394940
가톨릭대,2011,13,Genetic and rare skin diseases.,Photodynamic Therapy Combined with CO2Laser Vaporization on Disseminated Superficial Actinic Porokeratosis: A Report of 2 Cases on the Face,https://openalex.org/W2058504611
가톨릭대,2011,12,Genetic and rare skin diseases.,Intralesional Phosphatidylcholine and Sodium Deoxycholate: A Possible Treatment Option for Nevus Lipomatosus Superficialis,https://openalex.org/W2039171865
가톨릭대,2011,11,Ovarian cancer diagnosis and treatment,Borderline mucinous tumor arising in a paratubal cyst: a case report.,https://openalex.org/W188355409
가톨릭대,2011,10,Uterine Myomas and Treatments,Disseminated peritoneal leiomyomatosis after hysterectomy: a case report.,https://openalex.org/W100190597
가톨릭대,2011,9,Genetic and rare skin diseases.,Coexistence of congenital linear porokeratosis and disseminated superficial porokeratosis,https://openalex.org/W2103277490
가톨릭대,2011,1,Genetic and rare skin diseases.,Hybrid cyst on the sole,https://openalex.org/W1581408624
가톨릭대,2011,1,Genetic and rare skin diseases.,Patterned pigmentation in a child: A case of segmental pigmentation disorder,https://openalex.org/W1499943276
가톨릭대,2010,11,Genetic and rare skin diseases.,Atypical Porokeratosis Developing Following Bone Marrow Transplantation in a Patient with Myelodysplastic Syndrome,https://openalex.org/W2099211161
가톨릭대,2010,1,Genetic and rare skin diseases.,Myoid Hamartoma of the Breast: A Case Report,https://openalex.org/W2290132931
울산대(아산),2025,1,Interstitial Lung Diseases and Idiopathic Pulmonary Fibrosis,Treatable traits in interstitial lung disease: opportunities and challenges,https://openalex.org/W4414285326
울산대(아산),2025,1,Genomics and Rare Diseases,Dental Treatment Characteristics in Pediatric Patients with Rare Diseases at Asan Medical Center: A Three-Year Analysis,https://openalex.org/W4413481083
울산대(아산),2025,1,Genomics and Rare Diseases,Real-world evaluation of gnomAD variant co-occurrence information for haplotype phasing in autosomal recessive disorders,https://openalex.org/W4416987211
울산대(아산),2025,0,RNA regulation and disease,A Korean adult with genetically confirmed Alexander disease presenting with palatal tremor,https://openalex.org/W4415726789
울산대(아산),2025,0,Viral-associated cancers and disorders,Unicentric Castleman disease in intraparotid lymph node: a case report,https://openalex.org/W4416122475
울산대(아산),2025,0,Genomics and Rare Diseases,P235: Exploring precision medicine through genome sequencing for patients suspected of rare genetic disorders,https://openalex.org/W4408532267
울산대(아산),2025,0,Genomics and Rare Diseases,"Clinical implementation of a multidisciplinary pipeline for genome sequencing in rare diseases: A prospective, multicenter, observational cohort study",https://openalex.org/W4412185237
울산대(아산),2025,0,Genomics and Rare Diseases,"Global Perspectives on Managing Incidental and Secondary Findings in Genomic Testing: A Comprehensive Review of Policies, Implementation Challenges, and Stakeholder Perspectives",https://openalex.org/W4415905423
울산대(아산),2024,5,Genomics and Rare Diseases,Low-level brain somatic mutations in exonic regions are collectively implicated in autism with germline mutations in autism risk genes,https://openalex.org/W4401235681
울산대(아산),2024,3,Genomics and Rare Diseases,Clinical and molecular characteristics of Korean patients with Kabuki syndrome,https://openalex.org/W4399264593
울산대(아산),2024,0,Genomics and Rare Diseases,Exploring Precision Medicine Through Genome Sequencing in Patients Suspected of a Rare Genetic Disorder,https://openalex.org/W4403394173
울산대(아산),2023,5,Breast Lesions and Carcinomas,Pseudoangiomatous Stromal Hyperplasia of the Breast in a Female Adolescent Presenting as Bilateral Gigantomastia,https://openalex.org/W4379376607
울산대(아산),2023,3,Genomics and Rare Diseases,Reverse Transcription-PCR-based Sanger Sequencing-confirmed Exon-skipping Effect of a Novel GEN1 Intronic Variant (c.1408+4A>G),https://openalex.org/W4387661134
울산대(아산),2023,1,Genomics and Rare Diseases,Corrigendum: Long-term outcome of Bartter syndrome in 54 patients: a multicenter study in Korea,https://openalex.org/W4378908496
울산대(아산),2022,31,Genomics and Rare Diseases,"Diagnostic performance of automated, streamlined, daily updated exome analysis in patients with neurodevelopmental delay",https://openalex.org/W4220860326
울산대(아산),2022,19,Genomics and Rare Diseases,KBG syndrome: Clinical features and molecular findings in seven unrelated Korean families with a review of the literature,https://openalex.org/W4312118199
울산대(아산),2022,4,Genomics and Rare Diseases,Evaluation of users’ level of satisfaction for an artificial intelligence-based diagnostic program in pediatric rare genetic diseases,https://openalex.org/W4285589526
울산대(아산),2022,3,Genomics and Rare Diseases,Brief Report: Risk Variants Could Inform Early Neurodevelopmental Outcome in Children with Developmental Disabilities,https://openalex.org/W4294897878
울산대(아산),2022,1,Genomics and Rare Diseases,"eP239: Diagnostic performance of automated streamlined, daily updated, exome analysis in patients with delayed development",https://openalex.org/W4220813488
울산대(아산),2022,0,Otitis Media and Relapsing Polychondritis,Two Cases of Autoimmune Disease-Associated Laryngotracheal Stenosis,https://openalex.org/W4223524535
울산대(아산),2022,0,Genomics and Rare Diseases,1.62 Early Neurodevelopmental Trajectory in Children With Developmental Disabilities Could Be Predicted by Risk Variants,https://openalex.org/W4304631991
울산대(아산),2021,7,Kawasaki Disease and Coronary Complications,Identification of rare coding variants associated with Kawasaki disease by whole exome sequencing,https://openalex.org/W4206482621
울산대(아산),2020,176,Genomics and Rare Diseases,"Diagnostic yield and clinical utility of whole exome sequencing using an automated variant prioritization system, EVIDENCE",https://openalex.org/W3086776939
울산대(아산),2020,145,Genomics and Rare Diseases,Korean Genome Project: 1094 Korean personal genomes with clinical information,https://openalex.org/W3031696745
울산대(아산),2020,18,Genomics and Rare Diseases,Clinical Application of Whole Exome Sequencing to Identify Rare but Remediable Neurologic Disorders,https://openalex.org/W3101156040
울산대(아산),2020,17,Genomics and Rare Diseases,The Frequency of Discordant Variant Classification in the Human Gene Mutation Database: A Comparison of the American College of Medical Genetics and Genomics Guidelines and ClinVar,https://openalex.org/W3084824705
울산대(아산),2020,4,Genomics and Rare Diseases,A genome wide association study for lung function in the Korean population using an exome array,https://openalex.org/W3018081114
울산대(아산),2020,3,Genomics and Rare Diseases,A novel PS4 criterion approach based on symptoms of rare diseases and in-house frequency data in a Bayesian framework,https://openalex.org/W3044936043
울산대(아산),2020,1,Genetic and rare skin diseases.,A Case of Cutaneous Spindle Cell Squamous Cell Carcinoma Arising in a Nevus Sebaceous,https://openalex.org/W3011387455
울산대(아산),2020,0,Genomics and Rare Diseases,"High Diagnostic Yield and Clinical Utility of Whole Exome Sequencing Using an Automated Variant Prioriti S Ation System, EVIDENCE, for Patients with Suspected Genetic Disorders",https://openalex.org/W3098558938
울산대(아산),2019,5,Genetic and rare skin diseases.,Optimal Timing for Surgical Excision of Nevus Sebaceus on the Scalp: A Single-Center Experience,https://openalex.org/W2928181154
울산대(아산),2019,5,Genomics and Rare Diseases,Pilot study of EVIDENCE: High diagnostic yield and clinical utility of whole exome sequencing using an automated interpretation system for patients with suspected genetic disorders,https://openalex.org/W3105752759
울산대(아산),2019,2,Genomics and Rare Diseases,Essential Elements for Establishing Clinical Next-generation Sequencing Testing,https://openalex.org/W2924400827
울산대(아산),2019,2,Genomics and Rare Diseases,An ANKRD11 exonic deletion accompanied by a congenital megacolon in an infant with KBG syndrome,https://openalex.org/W2954237638
울산대(아산),2019,0,Autoimmune and Inflammatory Disorders Research,Adult onset still`s disease in patient with breast silicone implant : a case report,https://openalex.org/W2913952403
울산대(아산),2019,0,Vasculitis and related conditions,A Rare Case of Granulomatosis with Polyangiitis-Related Periaortitis at the Ascending Aorta,https://openalex.org/W2949034963
울산대(아산),2018,22,Genetic and rare skin diseases.,Methylome analysis and whole-exome sequencing reveal that brain tumors associated with encephalocraniocutaneous lipomatosis are midline pilocytic astrocytomas,https://openalex.org/W2888709840
울산대(아산),2018,0,Genetic and rare skin diseases.,"The Conical-Shaped, Staged Laser Ablation Technique in the Removal of a Medium Sized Intradermal Nevus",https://openalex.org/W2782414557
울산대(아산),2017,32,Lymphatic Disorders and Treatments,Gastrosplenic fistula occurring in lymphoma patients: Systematic review with a new case of extranodal NK/T-cell lymphoma,https://openalex.org/W2757159909
울산대(아산),2017,14,Genetic and rare skin diseases.,The focal facial dermal dysplasias: phenotypic spectrum and molecular genetic heterogeneity,https://openalex.org/W2731763676
울산대(아산),2017,11,Genetic and rare skin diseases.,Clinicopathologic characteristics of early‐onset Becker's nevus in Korean children and adolescents,https://openalex.org/W2766146916
울산대(아산),2016,12,Genetic and rare skin diseases.,A rare case of dysembryoplastic neuroepithelial tumor combined with encephalocraniocutaneous lipomatosis and intractable seizures,https://openalex.org/W2558255277
울산대(아산),2016,2,Vascular Anomalies and Treatments,A Case of Pseudoaneurysm Due to Fungus Ball within the Progressive Massive Fibrosis in a Patient with Pneumoconiosis: Computed Tomography-Pathologic Correlation,https://openalex.org/W2511317990
울산대(아산),2015,11,Histiocytic Disorders and Treatments,Indeterminate Dendritic Cell Tumor: A Case Report of a Rare Langerhans Cell Lineage Disease,https://openalex.org/W1861487571
울산대(아산),2014,25,Sarcoma Diagnosis and Treatment,Primary Ewing's Sarcoma of the Lung,https://openalex.org/W2096074754
울산대(아산),2014,19,Genomics and Rare Diseases,A de novo Microdeletion of ANKRD11 Gene in a Korean Patient with KBG Syndrome,https://openalex.org/W2096578391
울산대(아산),2014,14,Genetic and rare skin diseases.,Grover's Disease in a Liver Transplant Patient,https://openalex.org/W2038867188
울산대(아산),2014,9,Genetic and rare skin diseases.,Effective Treatment of Congenital Melanocytic Nevus and Nevus Sebaceous Using the Pinhole Method with the Erbium-Doped Yttrium Aluminium Garnet Laser,https://openalex.org/W2041265182
울산대(아산),2014,0,Interstitial Lung Diseases and Idiopathic Pulmonary Fibrosis,"Idiopathic Pleuroparenchymal Fibroelastosis, a Rare Entity of Interstitial Pneumonia: A Case Report",https://openalex.org/W1966405215
울산대(아산),2013,0,Genomics and Rare Diseases,Identification of Novel Genetic Variants by an Exome Array in Alzheimer Disease (PD5.005),https://openalex.org/W4389412004
울산대(아산),2012,7,Histiocytic Disorders and Treatments,Rosai-Dorfman Disease: Report of a Case Associated with IgG4-Related Sclerotic Lesions,https://openalex.org/W1981400389
울산대(아산),2012,4,Genetic and rare skin diseases.,Nevus Lipomatosus Superficialis With Dilated Hair Follicles,https://openalex.org/W2070775833
울산대(아산),2012,1,Ocular Diseases and Behçet’s Syndrome,Superior Vena Cava Syndrome Without Thrombosis Found in Behcet's Disease,https://openalex.org/W2130345069
울산대(아산),2011,25,Hypertrophic osteoarthropathy and related conditions,Steroid-refractory cryptogenic multifocal ulcerous stenosing enteritis,https://openalex.org/W2093942403
울산대(아산),2011,13,Sexual Differentiation and Disorders,A large advanced seminoma in an older woman with androgen insensitivity syndrome,https://openalex.org/W2018193520
울산대(아산),2011,10,Genetic and rare skin diseases.,Isolated Epidermolytic Acanthoma in a Renal Transplant Recipient,https://openalex.org/W2007762627
울산대(아산),2010,5,Genetic and rare skin diseases.,Disseminated superficial porokeratosis in a patient with esophageal cancer,https://openalex.org/W1486154831
울산대(아산),2010,4,Genetic and rare skin diseases.,Variant of phacomatosis pigmentokeratotica,https://openalex.org/W1604847370
