year,rank,eid,doi,title,journal,doctype_ko,fwci,pct,cites,cites_scival,expected,target_fwci,target_cites,need,authors,role,role_group,basis,college,dept,set
2021,1,2-s2.0-85115991242,10.3390/nano11102575,Measurements of the electrical conductivity of monolayer graphene flakes using conductive atomic force microscopy,Nanomaterials,논문,2.28,11.0,101,100.0,44.2982,2.29,101.443,1,Lim S.; Suk J.W.,제1·교신,제1·교신 겸직,원문 분석(정답지),공과대학,기계공학부,S1
2021,2,2-s2.0-85121137945,10.3390/ijms222413513,Organ-on-a-chip for studying gut-brain interaction mediated by extracellular vesicles in the gut microenvironment,International Journal of Molecular Sciences,논문,2.28,11.0,43,43.0,18.8596,2.29,43.1886,1,Kim M.H.; Park S.,제1·교신,제1·교신 겸직,원문 분석(정답지),대학 미상(rims 연결),,S1
2021,3,2-s2.0-85099766471,10.1039/d0tc04465b,High efficiency and long lifetime orange-red thermally activated delayed fluorescent organic light emitting diodes by donor and acceptor engineering,Journal of Materials Chemistry C,논문,2.28,11.0,40,40.0,17.5439,2.29,40.1754,1,Kothavale S.; Lee J.Y.,제1·교신,제1·교신 겸직,메타데이터 규칙,대학 미상(rims 연결),공학연구원,S1
2021,4,2-s2.0-85107491894,10.1089/dia.2020.0599,The Association between Continuous Glucose Monitoring-Derived Metrics and Cardiovascular Autonomic Neuropathy in Outpatients with Type 2 Diabetes,Diabetes Technology and Therapeutics,논문,2.28,11.0,29,29.0,12.7193,2.29,29.1272,1,Kim M.Y.; Kim G.; Kim J.H.,제1·공동제1·교신,제1·교신 겸직,메타데이터 규칙,의과대학,의학과,S2
2021,5,2-s2.0-85097789886,10.1016/j.ijbiomac.2020.12.081,Preparation and characterization of various chitin-glucan complexes derived from white button mushroom using a deep eutectic solvent-based ecofriendly method,International Journal of Biological Macromolecules,논문,2.27,11.0,53,53.0,23.348,2.29,53.467,1,Kim H.; Lee J.,제1·교신,제1·교신 겸직,원문 분석(정답지),대학 미상(rims 연결),약학대학,S1
2021,6,2-s2.0-85089587856,10.1108/pr-11-2019-0636,Diversity climate on turnover intentions: a sequential mediating effect of personal diversity value and affective commitment,Personnel Review,논문,2.27,11.0,43,43.0,18.9427,2.29,43.3789,1,Kim Y.,교신,교신저자,메타데이터 규칙,경영대학,경영학과,S1
2021,7,2-s2.0-85104950817,10.1002/jmv.26994,Diagnostic accuracy of the Cepheid Xpert Xpress and the Abbott ID NOW assay for rapid detection of SARS-CoV-2: A systematic review and meta-analysis,Journal of Medical Virology,논문,2.27,11.0,37,37.0,16.2996,2.29,37.326,1,Song J.U.,공동제1,제1저자,원문 분석(정답지),대학 미상(rims 연결),,S2
2021,8,2-s2.0-85104164279,10.1126/sciadv.abe3996,Artificial stimulus-response system capable of conscious response,Science Advances,논문,2.26,11.0,69,69.0,30.531,2.29,69.9159,1,Kim S.,제1,제1저자,원문 분석(정답지),성균나노과학기술원,성균나노과학기술원,S1
2021,9,2-s2.0-85101577076,10.1021/acsami.0c20353,Engineering cationic sulfur-doped Co3O4 architectures with exposing high-reactive (112) facets for photoelectrocatalytic water purification,ACS Applied Materials and Interfaces,논문,2.26,11.0,46,46.0,20.354,2.29,46.6106,1,Liu X.,교신,교신저자,메타데이터 규칙,대학 미상(rims 연결),유기화학전공,S1
2021,10,2-s2.0-85112634745,10.1002/advs.202102043,Overcoming Chemoimmunotherapy-Induced Immunosuppression by Assemblable and Depot Forming Immune Modulating Nanosuspension,Advanced Science,논문,2.26,11.0,45,45.0,19.9115,2.29,45.5973,1,Jin S.M.; Lee S.N.; Lim Y.T.,제1·공동제1·교신,제1·교신 겸직,원문 분석(정답지),성균나노과학기술원,성균나노과학기술원,S1
2021,11,2-s2.0-85087290617,10.1002/dmrr.3363,"Relationship between low skeletal muscle mass, sarcopenic obesity and left ventricular diastolic dysfunction in Korean adults",Diabetes Metabolism Research and Reviews,논문,2.26,11.0,41,41.0,18.1416,2.29,41.5442,1,Yoo J.H.; Park S.W.; Kang M.; Kim G.; Kim J.H.,제1·공동제1·교신,제1·교신 겸직,원문 분석(정답지),의과대학,의학과,S1
2021,12,2-s2.0-85105529412,10.1016/j.amc.2021.126301,Disturbance rejection for singular semi-Markov jump neural networks with input saturation,Applied Mathematics and Computation,논문,2.26,11.0,29,29.0,12.8319,2.29,29.385,1,Sakthivel R.,교신,교신저자,원문 분석(정답지),자연과학대학,수학과,S1
2021,13,2-s2.0-85103040099,10.1145/3437963.3441808,Local Collaborative Autoencoders,Wsdm 2021 Proceedings of the 14th ACM International Conference on Web Search and Data Mining,학술대회,2.26,11.0,21,21.0,9.292,2.29,21.2788,1,Choi M.; Lee J.,제1·교신,제1·교신 겸직,원문 분석(정답지),소프트웨어융합대학,소프트웨어학과,S1
2021,14,2-s2.0-85101651753,10.1002/advs.202004216,Recent Advances on Multivalued Logic Gates: A Materials Perspective,Advanced Science,리뷰,2.26,11.0,121,121.0,53.5398,2.29,122.6062,2,Kang J.,교신,교신저자,원문 분석(정답지),대학 미상(rims 연결),,S1
2021,15,2-s2.0-85107769537,10.1016/j.biomaterials.2021.120954,Delivery of a spheroids-incorporated human dermal fibroblast sheet increases angiogenesis and M2 polarization for wound healing,Biomaterials,논문,2.25,11.0,50,50.0,22.2222,2.29,50.8889,1,Kim S.W.; Bhang S.H.,제1·교신,제1·교신 겸직,원문 분석(정답지),공과대학,화학공학부,S1
2021,16,2-s2.0-85087955539,10.1177/1475921720934758,Crack identification method for concrete structures considering angle of view using RGB-D camera-based sensor fusion,Structural Health Monitoring,논문,2.25,11.0,41,40.0,18.2222,2.29,41.7289,1,Kim H.; Sim S.H.,제1·교신,제1·교신 겸직,메타데이터 규칙,대학 미상(rims 연결),공학연구원,S1
2021,17,2-s2.0-85113799299,10.1103/physrevd.104.043525,CMB from a Gauss-Bonnet-induced de Sitter fixed point,Physical Review D,논문,2.25,11.0,36,35.0,16.0,2.29,36.64,1,Kawai S.,제1·교신,제1·교신 겸직,원문 분석(정답지),자연과학대학,물리학과,S1
2021,18,2-s2.0-85104005805,10.3390/ijms22084054,Physiologically active molecules and functional properties of soybeans in human health—a current perspective,International Journal of Molecular Sciences,리뷰,2.25,11.0,152,152.0,67.5556,2.29,154.7022,3,Kim C.H.,교신,교신저자,원문 분석(정답지),자연과학대학,생명과학과,S1
2021,19,2-s2.0-85103072906,10.3390/en14020352,Coordination of multiple electric vehicle aggregators for peak shaving and valley filling in distribution feeders,Energies,논문,2.24,11.0,41,41.0,18.3036,2.29,41.9152,1,Kim C.H.,교신,교신저자,원문 분석(정답지),일반대학원,전자전기컴퓨터공학과,S1
2021,20,2-s2.0-85090058674,10.1002/fut.22158,The impact of net buying pressure on index options prices,Journal of Futures Markets,논문,2.24,11.0,38,37.0,16.9643,2.29,38.8482,1,Ryu D.,제1,제1저자,원문 분석(정답지),경제대학,경제학과,S1
2021,21,2-s2.0-85097435926,10.1016/j.ijrobp.2020.09.038,Dose-Response Relationship in Stereotactic Body Radiation Therapy for Hepatocellular Carcinoma: A Pooled Analysis of an Asian Liver Radiation Therapy Group Study,International Journal of Radiation Oncology Biology Physics,논문,2.24,11.0,36,36.0,16.0714,2.29,36.8036,1,Kim N.,제1,제1저자,원문 분석(정답지),의과대학,의학과,S2
2021,22,2-s2.0-85100024565,10.1016/j.molliq.2021.115421,Synthesis and evaluation of nonionic surfactants based on dimethylaminoethylamine: Electrochemical investigation and theoretical modeling as inhibitors during electropolishing in-ortho-phosphoric acid,Journal of Molecular Liquids,논문,2.22,11.0,44,44.0,19.8198,2.29,45.3874,2,Shaban S.M.; Kim D.H.,교신,교신저자,원문 분석(정답지),대학 미상(rims 연결),,S1
2021,23,2-s2.0-85098197983,10.1111/1346-8138.15733,"Efficacy and safety of brodalumab in the Korean population for the treatment of moderate to severe plaque psoriasis: A randomized, phase III, double-blind, placebo-controlled study",Journal of Dermatology,논문,2.21,11.0,22,22.0,9.9548,2.29,22.7964,1,Lee J.H.,교신,교신저자,원문 분석(정답지),의과대학,의학과,S2
2021,24,2-s2.0-85099835297,10.1016/j.energy.2021.119855,"Long-term scenario pathways to assess the potential of best available technologies and cost reduction of avoided carbon emissions in an existing 100% renewable regional power system: A case study of Gilgit-Baltistan (GB), Pakistan",Energy,논문,2.21,11.0,46,46.0,20.8145,2.29,47.6652,2,Hussain A.,제1·교신,제1·교신 겸직,원문 분석(정답지),일반대학원,전자전기컴퓨터공학과,S1
2021,25,2-s2.0-85119020323,10.1039/d1cp03196a,Effect of adsorption and substitutional B doping at different concentrations on the electronic and magnetic properties of a BeO monolayer: a first-principles study,Physical Chemistry Chemical Physics,논문,2.21,11.0,44,44.0,19.9095,2.29,45.5928,2,Ghergherehchi M.,교신,교신저자,메타데이터 규칙,정보통신대학,전자전기공학부,S1
2021,26,2-s2.0-85100539314,10.1039/d0ee03487h,Dynamic halide perovskite heterojunction generates direct current,Energy and Environmental Science,논문,2.2,11.0,48,48.0,21.8182,2.29,49.9636,2,Ma C.; Kim B.; Kim S.W.; Park N.G.,제1·공동제1·교신,제1·교신 겸직,메타데이터 규칙,대학 미상(rims 연결),지속가능화학공학글로벌리더양성교육연구단,S1
2021,27,2-s2.0-85099705938,10.1093/cid/ciaa1056,Association between Nonsteroidal Antiinflammatory Drug Use and Adverse Clinical Outcomes among Adults Hospitalized with Coronavirus 2019 in South Korea: A Nationwide Study,Clinical Infectious Diseases,논문,2.2,11.0,32,31.0,14.5455,2.29,33.3091,2,Jeong H.E.; Shin J.Y.,제1·교신,제1·교신 겸직,메타데이터 규칙,일반대학원,바이오헬스규제과학과,S1
2021,28,2-s2.0-85104674273,10.3390/healthcare9040448,Older adults’ avoidance of public transportation after the outbreak of COVID-19: Korean subway evidence,Healthcare Switzerland,논문,2.2,11.0,31,31.0,14.0909,2.29,32.2682,2,Park B.; Cho J.,제1·교신,제1·교신 겸직,원문 분석(정답지),경제대학,경제학과,S1
2021,29,2-s2.0-85103211486,10.1007/s10068-020-00874-9,Evaluation of solvent effects on the DPPH reactivity for determining the antioxidant activity in oil matrix,Food Science and Biotechnology,논문,2.2,11.0,60,60.0,27.2727,2.29,62.4545,3,La J.W.; Lee J.H.,제1·교신,제1·교신 겸직,원문 분석(정답지),생명공학대학,식품생명공학과,S1
2021,30,2-s2.0-85101210208,10.1038/s41467-021-21193-5,Real-space imaging of acoustic plasmons in large-area graphene grown by chemical vapor deposition,Nature Communications,논문,2.2,11.0,53,53.0,24.0909,2.29,55.1682,3,Lee Y.H.,교신,교신저자,원문 분석(정답지),일반대학원,에너지과학과,S1
2021,31,2-s2.0-85111867385,10.1016/j.jhazmat.2021.126652,Combined exposure to microplastics and zinc produces sex-specific responses in the water flea Daphnia magna,Journal of Hazardous Materials,논문,2.2,11.0,79,79.0,35.9091,2.29,82.2318,4,Lee Y.; Lee J.S.; Park J.C.,제1·교신,제1·교신 겸직,원문 분석(정답지),대학 미상(rims 연결),기초과학연구원,S1
2021,32,2-s2.0-85214059976,,The camera system for the IceCube Upgrade,Proceedings of Science,학술대회,2.19,11.0,1,1.0,0.4566,2.29,1.0457,1,Kang W.; Tönnis C.; Rott C.,제1·교신,제1·교신 겸직,메타데이터 규칙,대학 미상(rims 연결),기초과학연구원,S1
2021,33,2-s2.0-85062002384,10.1016/j.socscimed.2018.12.012,Giving or receiving spouse care and marital satisfaction among older Korean individuals,Social Science and Medicine,논문,2.19,11.0,26,26.0,11.8721,2.29,27.1872,2,Choi H.,제1·교신,제1·교신 겸직,원문 분석(정답지),사회과학대학,사회복지학과,S1
2021,34,2-s2.0-85074599147,10.1177/2047487319882118,"The Timed up and Go test and the ageing heart: Findings from a national health screening of 1,084,875 community-dwelling older adults",European Journal of Preventive Cardiology,논문,2.18,11.0,33,32.0,15.1376,2.29,34.6651,2,Chun S.; Shin D.W.; Han K.,제1·공동제1·교신,제1·교신 겸직,메타데이터 규칙,의과대학,의학과,S1
2021,35,2-s2.0-85106729489,10.1007/s13770-021-00352-1,Comparative Analysis of MSC-Derived Exosomes Depending on Cell Culture Media for Regenerative Bioactivity,Tissue Engineering and Regenerative Medicine,논문,2.18,11.0,46,45.0,21.1009,2.29,48.3211,3,Kim J.Y.,제1,제1저자,원문 분석(정답지),성균융합원,글로벌바이오메디컬공학과,S1
2021,36,2-s2.0-85101518992,10.1016/j.chemosphere.2021.130047,Real-time monitoring of forward osmosis membrane fouling in wastewater reuse process performed with a deep learning model,Chemosphere,논문,2.18,11.0,65,65.0,29.8165,2.29,68.2798,4,Im S.J.; Viet N.D.; Jang A.,제1·공동제1·교신,제1·교신 겸직,원문 분석(정답지),대학 미상(rims 연결),,S1
2021,37,2-s2.0-85089899515,10.1016/j.cej.2020.126728,Perpendicularly anchored ReSe2 nanoflakes on reduced graphene oxide support for highly efficient hydrogen evolution reactions,Chemical Engineering Journal,논문,2.18,11.0,64,63.0,29.3578,2.29,67.2294,4,Yan Y.; Xu S.; Lee H.; Yoo P.J.,제1·공동제1·교신,제1·교신 겸직,원문 분석(정답지),대학 미상(rims 연결),,S1
2021,38,2-s2.0-85096592338,10.1007/s00262-020-02794-3,Incorporating sarcopenia and inflammation with radiation therapy in patients with hepatocellular carcinoma treated with nivolumab,Cancer Immunology Immunotherapy,논문,2.17,11.0,41,41.0,18.894,2.29,43.2673,3,Kim N.; Yu J.I.,제1·교신,제1·교신 겸직,메타데이터 규칙,의과대학,의학과,S1
2021,39,2-s2.0-85114263586,10.1109/cvpr46437.2021.00571,FBI-Denoiser: Fast Blind Image Denoiser for Poisson-Gaussian Noise,Proceedings of the IEEE Computer Society Conference on Computer Vision and Pattern Recognition,학술대회,2.17,11.0,61,60.0,28.1106,2.29,64.3733,4,Byun J.; Cha S.,제1·공동제1,제1저자,원문 분석(정답지),대학 미상(rims 연결),정보통신대학,S1
2021,40,2-s2.0-85100277349,10.1021/acsnano.0c08828,Identifying defect-induced trion in monolayer ws2 via carrier screening engineering,ACS Nano,논문,2.16,11.0,54,54.0,25.0,2.29,57.25,4,Biswas C.; Lee Y.H.; Sebait R.,제1·교신,제1·교신 겸직,메타데이터 규칙,나노구조물리연구단,나노구조물리연구단,S1
2021,41,2-s2.0-85090213986,10.1007/s10103-020-03123-x,Effect of photobiomodulation therapy on radiodermatitis in a mouse model: an experimental animal study,Lasers in Medical Science,논문,2.15,11.0,19,19.0,8.8372,2.29,20.2372,2,Park J.H.,제1·교신,제1·교신 겸직,원문 분석(정답지),의과대학,의학과,S2
2021,42,2-s2.0-85082969156,10.1002/smll.201903089,Extremely Foldable and Highly Porous Reduced Graphene Oxide Films for Shape-Adaptive Triboelectric Nanogenerators,Small,논문,2.15,11.0,52,52.0,24.186,2.29,55.386,4,Yeon J.S.; Park H.S.,공동제1·교신,제1·교신 겸직,원문 분석(정답지),대학 미상(rims 연결),기초과학연구원,S1
2021,43,2-s2.0-85105880709,10.1177/0271678x211012109,Altered regional cerebral blood flow in obstructive sleep apnea is associated with sleep fragmentation and oxygen desaturation,Journal of Cerebral Blood Flow and Metabolism,논문,2.14,12.0,39,39.0,18.2243,2.29,41.7336,3,Joo E.Y.,교신,교신저자,메타데이터 규칙,의과대학,의학과,S2
2021,44,2-s2.0-85100956685,10.1016/j.mtcomm.2021.102119,Impact of humidity on the removal of volatile organic compounds over Fe loaded TiO2 under visible light irradiation: Insight into photocatalysis mechanism by operando DRIFTS,Materials Today Communications,논문,2.14,12.0,48,48.0,22.4299,2.29,51.3645,4,Saqlain S.; Kim Y.D.,제1·교신,제1·교신 겸직,원문 분석(정답지),자연과학대학,화학과,S1
2021,45,2-s2.0-85096792513,10.1002/adfm.202008208,Structure Code for Advanced Polymer Electrolyte in Lithium-Ion Batteries,Advanced Functional Materials,리뷰,2.14,12.0,154,153.0,71.9626,2.29,164.7944,11,Song C.,교신,교신저자,원문 분석(정답지),자연과학대학,화학과,S1
2021,46,2-s2.0-85118345021,10.14366/usg.21056,Comparison of the diagnostic performance of the modified korean thyroid imaging reporting and data system for thyroid malignancy with three international guidelines,Ultrasonography,논문,2.13,12.0,21,21.0,9.8592,2.29,22.5775,2,Shin J.H.,교신,교신저자,원문 분석(정답지),의과대학,의학과,S2
2021,47,2-s2.0-85101737611,10.1016/j.biopha.2021.111298,Chemopreventive effects of Melastoma malabathricum L. extract in mammary tumor model via inhibition of oxidative stress and inflammatory cytokines,Biomedicine and Pharmacotherapy,논문,2.13,12.0,36,36.0,16.9014,2.29,38.7042,3,Kim H.S.,교신,교신저자,원문 분석(정답지),약학대학,약학과,S1
2021,48,2-s2.0-85099023809,10.1007/s00330-020-07583-1,Intraductal papillary mucinous neoplasm of the pancreas: diagnostic performance of the 2017 international consensus guidelines using CT and MRI,European Radiology,논문,2.13,12.0,30,29.0,14.0845,2.29,32.2535,3,Min J.H.; Kim Y.K.,제1·교신,제1·교신 겸직,원문 분석(정답지),의과대학,의학과,S2
2021,49,2-s2.0-85114688821,10.1021/acsaem.1c01095,Graphene Fibers Containing Activated Graphene for High-Performance Solid-State Flexible Supercapacitors,ACS Applied Energy Materials,논문,2.13,12.0,41,41.0,19.2488,2.29,44.0798,4,Ho B.T.; Suk J.W.,제1·교신,제1·교신 겸직,메타데이터 규칙,공과대학,기계공학부,S1
2021,50,2-s2.0-85107000918,10.1186/s12886-021-02007-0,The clinical features and outcomes of Tolosa-Hunt syndrome,BMC Ophthalmology,논문,2.12,12.0,21,21.0,9.9057,2.29,22.684,2,Oh S.Y.,교신,교신저자,원문 분석(정답지),의과대학,의학과,S2
2022,1,2-s2.0-85140030451,10.1021/acsnano.2c07785,Top-Down Approaches for 10 nm-Scale Nanochannel: Toward Exceptional H2S Detection,ACS Nano,논문,2.29,11.0,40,40.0,17.4672,2.3,40.1747,1,Cho S.Y.,교신,교신저자,메타데이터 규칙,공과대학,화학공학부,S1
2022,2,2-s2.0-85126258290,10.1002/hbm.25820,"Brain signatures based on structural MRI: Classification for MCI, PMCI, and AD",Human Brain Mapping,논문,2.29,11.0,30,30.0,13.1004,2.3,30.131,1,Gonuguntla V.; Kim J.H.,제1·교신,제1·교신 겸직,원문 분석(정답지),의과대학,의과대학,S2
2022,3,2-s2.0-85120158965,10.1016/j.aquatox.2021.106021,The freshwater water flea Daphnia magna NIES strain genome as a resource for CRISPR/Cas9 gene targeting: The glutathione S-transferase omega 2 gene,Aquatic Toxicology,논문,2.29,11.0,28,28.0,12.2271,2.3,28.1223,1,Byeon E.; Kim M.S.; Lee Y.H.; Lee J.S.,제1·공동제1·교신,제1·교신 겸직,원문 분석(정답지),대학 미상(rims 연결),기초과학연구원,S1
2022,4,2-s2.0-85127524684,10.1007/s11357-022-00537-z,Integrative epigenomic and transcriptomic analyses reveal metabolic switching by intermittent fasting in brain,Geroscience,논문,2.29,11.0,20,20.0,8.7336,2.3,20.0873,1,Jo D.G.; Arumugam T.V.,교신,교신저자,원문 분석(정답지),약학대학,약학과,S1
2022,5,2-s2.0-85127453584,10.1002/btm2.10321,A bioprinted complex tissue model for myotendinous junction with biochemical and biophysical cues,Bioengineering and Translational Medicine,논문,2.28,11.0,38,38.0,16.6667,2.3,38.3333,1,Kim W.J.; Kim G.H.,제1·교신,제1·교신 겸직,원문 분석(정답지),대학 미상(rims 연결),시스템정밀의학글로벌교육연구단,S1
2022,6,2-s2.0-85134743542,10.1016/j.linged.2022.101085,Eliciting student participation in synchronous online L2 lessons: The use of oral and written DIUs,Linguistics and Education,논문,2.28,11.0,20,20.0,8.7719,2.3,20.1754,1,Park Y.,제1·교신,제1·교신 겸직,원문 분석(정답지),문과대학,영어영문학과,S1
2022,7,2-s2.0-85125130862,10.1021/acssynbio.1c00628,RoboMoClo: A Robotics-Assisted Modular Cloning Framework for Multiple Gene Assembly in Biofoundry,ACS Synthetic Biology,논문,2.27,11.0,41,41.0,18.0617,2.3,41.5419,1,Kang D.H.; Woo H.M.,제1·교신,제1·교신 겸직,메타데이터 규칙,생명공학대학,식품생명공학과,S1
2022,8,2-s2.0-85111163951,10.1002/adma.202103286,Precise Layer Control and Electronic State Modulation of a Transition Metal Dichalcogenide via Phase-Transition-Induced Growth,Advanced Materials,논문,2.27,11.0,39,39.0,17.1806,2.3,39.5154,1,Sohn A.; Jung J.H.; Kim S.W.,제1·공동제1·교신,제1·교신 겸직,원문 분석(정답지),대학 미상(rims 연결),,S1
2022,9,2-s2.0-85139834055,10.1007/s40820-022-00945-y,Progress of Materials and Devices for Neuromorphic Vision Sensors,Nano Micro Letters,리뷰,2.27,11.0,140,139.0,61.674,2.3,141.8502,2,Kim Y.H.,교신,교신저자,원문 분석(정답지),공과대학,신소재공학부,S1
2022,10,2-s2.0-85118636462,10.1109/tvt.2021.3124810,Learning to Schedule Joint Radar-Communication With Deep Multi-Agent Reinforcement Learning,IEEE Transactions on Vehicular Technology,논문,2.26,11.0,38,38.0,16.8142,2.3,38.6726,1,Kim D.I.,교신,교신저자,Scopus FULL 교신 조회로 결정,정보통신대학,전자전기공학부,S1
2022,11,2-s2.0-85141999228,10.1140/epjp/s13360-022-03437-5,On Zagreb connection indices,European Physical Journal Plus,논문,2.26,11.0,33,33.0,14.6018,2.3,33.5841,1,Das K.C.,제1,제1저자,원문 분석(정답지),자연과학대학,수학과,S1
2022,12,2-s2.0-85139724006,10.1016/j.ssmph.2022.101231,"Machine learning prediction of suicidal ideation, planning, and attempt among Korean adults: A population-based study",Ssm Population Health,논문,2.26,11.0,30,30.0,13.2743,2.3,30.531,1,Lee J.,제1,제1저자,원문 분석(정답지),대학 미상(rims 연결),의학연구소,S1
2022,13,2-s2.0-85135408215,10.1016/j.jechem.2022.07.014,Flexible PVA/BMIMOTf/LLZTO composite electrolyte with liquid-comparable ionic conductivity for solid-state lithium metal battery,Journal of Energy Chemistry,논문,2.25,11.0,43,43.0,19.1111,2.3,43.9556,1,Jeon H.; Kim D.,제1·교신,제1·교신 겸직,원문 분석(정답지),대학 미상(rims 연결),공과대학,S1
2022,14,2-s2.0-85138175634,10.1002/advs.202203767,Chemo-Mechanical Energy Harvesters with Enhanced Intrinsic Electrochemical Capacitance in Carbon Nanotube Yarns,Advanced Science,논문,2.25,11.0,35,35.0,15.5556,2.3,35.7778,1,Oh S.,제1,제1저자,원문 분석(정답지),일반대학원,에너지과학과,S1
2022,15,2-s2.0-85136666300,10.1016/j.jid.2022.06.022,Comparative Spatial Transcriptomic and Single-Cell Analyses of Human Nail Units and Hair Follicles Show Transcriptional Similarities between the Onychodermis and Follicular Dermal Papilla,Journal of Investigative Dermatology,논문,2.25,11.0,33,33.0,14.6667,2.3,33.7333,1,Shim J.; Park J.; Lee D.,제1·공동제1·교신,제1·교신 겸직,원문 분석(정답지),의과대학,의학과,S1
2022,16,2-s2.0-85118260157,10.1007/s00464-021-08774-7,Impact of antiplatelet agents and anticoagulants on the performance of fecal immunochemical tests: a systematic review and meta-analysis,Surgical Endoscopy,논문,2.25,11.0,13,13.0,5.7778,2.3,13.2889,1,Jung Y.S.,제1,제1저자,원문 분석(정답지),대학 미상(rims 연결),,S2
2022,17,2-s2.0-85132473638,10.1002/smll.202200316,Combination of Metal-Phenolic Network-Based Immunoactive Nanoparticles and Bipolar Irreversible Electroporation for Effective Cancer Immunotherapy,Small,논문,2.24,11.0,51,51.0,22.7679,2.3,52.3661,2,Han J.H.; Shin H.E.; Park W.,제1·공동제1·교신,제1·교신 겸직,원문 분석(정답지),대학 미상(rims 연결),미래인재응용생명공학교육연구단,S1
2022,18,2-s2.0-85113819409,10.1016/j.cej.2021.131954,Nanostructured conductive polymer shield for highly reversible dendrite-free zinc metal anode,Chemical Engineering Journal,논문,2.24,11.0,50,50.0,22.3214,2.3,51.3393,2,Kim S.; Lee Y.,제1·교신,제1·교신 겸직,원문 분석(정답지),공과대학,화학공학부,S1
2022,19,2-s2.0-85128508283,10.1002/smll.202106368,Gas-Phase Alkali Metal-Assisted MOCVD Growth of 2D Transition Metal Dichalcogenides for Large-Scale Precise Nucleation Control,Small,논문,2.24,11.0,50,50.0,22.3214,2.3,51.3393,2,Kim J.,교신,교신저자,원문 분석(정답지),나노튜브및나노복합구조연구센터,나노튜브및나노복합구조연구센터,S1
2022,20,2-s2.0-85110266689,10.1016/j.cej.2021.131318,Synergistic ultra-high activity of double B doped graphyne for electrocatalytic nitrogen reduction,Chemical Engineering Journal,논문,2.24,11.0,46,46.0,20.5357,2.3,47.2321,2,Kang B.; Lee J.Y.,제1·교신,제1·교신 겸직,원문 분석(정답지),자연과학대학,화학과,S1
2022,21,2-s2.0-85136735466,10.1016/j.cllc.2022.07.008,Efficacy and Safety of Brigatinib Compared With Crizotinib in Asian vs. Non-Asian Patients With Locally Advanced or Metastatic ALK–Inhibitor-Naive ALK+ Non–Small Cell Lung Cancer: Final Results From the Phase III ALTA-1L Study,Clinical Lung Cancer,논문,2.24,11.0,39,39.0,17.4107,2.3,40.0446,2,Ahn M.J.,제1·교신,제1·교신 겸직,원문 분석(정답지),의과대학,의학과,S2
2022,22,2-s2.0-85137314236,10.3904/kjim.2021.458,Additive effect of probiotics (Mutaflor) on 5-aminosalicylic acid therapy in patients with ulcerative colitis,Korean Journal of Internal Medicine,논문,2.24,11.0,38,38.0,16.9643,2.3,39.0179,2,Park S.K.; Park D.I.,제1·교신,제1·교신 겸직,원문 분석(정답지),의과대학,의학과,S2
2022,23,2-s2.0-85144638013,10.1186/s12933-022-01725-z,The associations between changes in hepatic steatosis and heart failure and mortality: a nationwide cohort study,Cardiovascular Diabetology,논문,2.23,11.0,30,30.0,13.4529,2.3,30.9417,1,Park J.; Kim G.; Kim J.H.,제1·공동제1·교신,제1·교신 겸직,원문 분석(정답지),의과대학,의학과,S1
2022,24,2-s2.0-85134587596,10.3344/kjp.2022.35.3.303,"Ultrasound-guided erector spinae plane block for pain management after gastrectomy: a randomized, single-blinded, controlled trial",Korean Journal of Pain,논문,2.23,11.0,19,19.0,8.5202,2.3,19.5964,1,Choi J.W.,교신,교신저자,원문 분석(정답지),의과대학,의학과,S2
2022,25,2-s2.0-85135323603,10.1016/j.energy.2022.124877,Upcycling of cattle manure for simultaneous energy recovery and supercapacitor electrode production,Energy,논문,2.22,11.0,46,46.0,20.7207,2.3,47.6577,2,Park C.; Lee J.,공동제1·교신,제1·교신 겸직,원문 분석(정답지),공과대학,건설환경공학부,S1
2022,26,2-s2.0-85124206562,10.1103/physrevb.105.045128,Rank-2 toric code in two dimensions,Physical Review B,논문,2.22,11.0,30,30.0,13.5135,2.3,31.0811,2,Kim J.; Han J.H.,공동제1·교신,제1·교신 겸직,원문 분석(정답지),자연과학대학,물리학과,S1
2022,27,2-s2.0-85129840022,10.1145/3485447.3512245,BZNet: Unsupervised Multi-scale Branch Zooming Network for Detecting Low-quality Deepfake Videos,Www 2022 Proceedings of the ACM Web Conference 2022,학술대회,2.21,11.0,21,21.0,9.5023,2.3,21.8552,1,Lee S.; An J.; Woo S.S.,제1·교신,제1·교신 겸직,메타데이터 규칙,소프트웨어융합대학,소프트웨어학과,S1
2022,28,2-s2.0-85123756426,10.3390/joitmc8010010,An Efficiency Measurement of E-Government Performance for Network Readiness: Non-Parametric Frontier Approach,Journal of Open Innovation Technology Market and Complexity,논문,2.21,11.0,20,20.0,9.0498,2.3,20.8145,1,Nam H.,제1,제1저자,원문 분석(정답지),국정전문대학원,국정전문대학원,S1
2022,29,2-s2.0-85131201119,10.1002/lt.26429,Complete transition from open surgery to laparoscopy: 8-year experience with more than 500 laparoscopic living donor hepatectomies,Liver Transplantation,논문,2.21,11.0,20,20.0,9.0498,2.3,20.8145,1,Rhu J.; Choi G.S.,제1·교신,제1·교신 겸직,원문 분석(정답지),의과대학,의학과,S2
2022,30,2-s2.0-85140845822,10.1145/3511808.3557442,Samba: Identifying Inappropriate Videos for Young Children on YouTube,International Conference on Information and Knowledge Management Proceedings,학술대회,2.21,11.0,16,16.0,7.2398,2.3,16.6516,1,Binh L.; Oinar C.; Woo S.,제1·교신,제1·교신 겸직,메타데이터 규칙,소프트웨어융합대학,소프트웨어학과,S1
2022,31,2-s2.0-85128162540,10.1002/aenm.202200877,Homogeneously Miscible Fullerene inducing Vertical Gradient in Perovskite Thin-Film toward Highly Efficient Solar Cells,Advanced Energy Materials,논문,2.21,11.0,49,49.0,22.1719,2.3,50.9955,2,Kim K.; Han J.; Jeon I.,제1·공동제1·교신,제1·교신 겸직,원문 분석(정답지),대학 미상(rims 연결),,S1
2022,32,2-s2.0-85115400950,10.1016/j.matlet.2021.130899,Machine learning guided discovery of super-hard high entropy ceramics,Materials Letters,논문,2.21,11.0,37,37.0,16.7421,2.3,38.5068,2,Jaafreh R.; Kim J.G.; Hamad K.,제1·교신,제1·교신 겸직,원문 분석(정답지),일반대학원,신소재공학과,S1
2022,33,2-s2.0-85124109335,10.1007/s12206-022-0142-6,Climbing control of autonomous mobile robot with estimation of wheel slip and wheel-ground contact angle,Journal of Mechanical Science and Technology,논문,2.21,11.0,31,31.0,14.0271,2.3,32.2624,2,Pico N.; Moon H.,제1·교신,제1·교신 겸직,원문 분석(정답지),공과대학,기계공학부,S1
2022,34,2-s2.0-85137915185,10.1109/jbhi.2022.3202178,Multitask Deep Learning for Cost-Effective Prediction of Patient's Length of Stay and Readmission State Using Multimodal Physical Activity Sensory Data,IEEE Journal of Biomedical and Health Informatics,논문,2.2,11.0,38,38.0,17.2727,2.3,39.7273,2,Ali S.; Abuhmed T.,제1·교신,제1·교신 겸직,메타데이터 규칙,대학 미상(rims 연결),컨버젼스연구소,S1
2022,35,2-s2.0-85126194776,10.1038/s41427-022-00370-y,"Wearable multifunctional soft sensor and contactless 3D scanner using supersonically sprayed silver nanowires, carbon nanotubes, zinc oxide, and PEDOT:PSS",Npg Asia Materials,논문,2.2,11.0,36,36.0,16.3636,2.3,37.6364,2,Jo H.S.; An S.,제1·교신,제1·교신 겸직,원문 분석(정답지),일반대학원,나노과학기술학과,S1
2022,36,2-s2.0-85130378974,10.1016/j.jtho.2022.03.015,Reclassifying the International Association for the Study of Lung Cancer Residual Tumor Classification According to the Extent of Nodal Dissection for NSCLC: One Size Does Not Fit All,Journal of Thoracic Oncology,논문,2.2,11.0,35,35.0,15.9091,2.3,36.5909,2,Lee J.; Cho J.; Kim H.K.,제1·공동제1·교신,제1·교신 겸직,원문 분석(정답지),의과대학,의학과,S1
2022,37,2-s2.0-85133726336,10.1103/physrevresearch.4.023215,Emergent nematicity and intrinsic versus extrinsic electronic scattering processes in the kagome metal CsV3Sb5,Physical Review Research,논문,2.2,11.0,35,35.0,15.9091,2.3,36.5909,2,Choi K.Y.,교신,교신저자,원문 분석(정답지),자연과학대학,물리학과,S1
2022,38,2-s2.0-85137121611,10.3390/polym14153173,Tyramine-Functionalized Alginate-Collagen Hybrid Hydrogel Inks for 3D-Bioprinting,Polymers,논문,2.19,11.0,38,38.0,17.3516,2.3,39.9087,2,Kim S.D.; Jin S.; Son D.; Shin M.,제1·공동제1·교신,제1·교신 겸직,원문 분석(정답지),일반대학원,전자전기컴퓨터공학과,S1
2022,39,2-s2.0-85128266676,10.4046/trd.2021.0123,"Clinical Features, Diagnosis, Management, and Outcomes of Idiopathic Pulmonary Fibrosis in Korea: Analysis of the Korea IPF Cohort (KICO) Registry",Tuberculosis and Respiratory Diseases,논문,2.19,11.0,27,27.0,12.3288,2.3,28.3562,2,Chung M.P.,교신,교신저자,원문 분석(정답지),의과대학,의학과,S2
2022,40,2-s2.0-85125012028,10.1093/jcde/qwab067,"Past, present, and future research of digital twin for smart manufacturing",Journal of Computational Design and Engineering,리뷰,2.19,11.0,83,83.0,37.8995,2.3,87.1689,5,Son Y.H.; Noh S.D.,제1·교신,제1·교신 겸직,메타데이터 규칙,대학 미상(rims 연결),공과대학,S1
2022,41,2-s2.0-85140379940,10.1002/anie.202212268,Strain Control to Stabilize Perovskite Solar Cells,Angewandte Chemie International Edition,리뷰,2.19,11.0,144,143.0,65.7534,2.3,151.2329,8,Zhang H.; Park N.G.,제1·교신,제1·교신 겸직,원문 분석(정답지),공과대학,화학공학/고분자공학부,S1
2022,42,2-s2.0-85128482648,10.15441/ceem.21.105,Effect of fever or respiratory symptoms on leaving without being seen during the COVID-19 pandemic in South Korea,Clinical and Experimental Emergency Medicine,논문,2.18,11.0,13,13.0,5.9633,2.3,13.7156,1,Kim D.; Cha W.C.,제1·교신,제1·교신 겸직,원문 분석(정답지),의과대학,의학과,S1
2022,43,2-s2.0-85141376463,10.1177/03635465221126506,Posterior Horn Lateral Meniscal Oblique Radial Tear in Acute Anterior Cruciate Ligament Reconstruction Incidence and Outcomes After All-Inside Repair: Clinical and Second-Look Arthroscopic Evaluation,American Journal of Sports Medicine,논문,2.18,11.0,26,24.0,11.9266,2.3,27.4312,2,Jeon Y.S.; Wang J.H.,제1·교신,제1·교신 겸직,메타데이터 규칙,의과대학,의과대학,S2
2022,44,2-s2.0-85142649130,10.1126/sciadv.ade0640,A solution to the biophysical fractionation of extracellular vesicles: Acoustic Nanoscale Separation via Wave-pillar Excitation Resonance (ANSWER),Science Advances,논문,2.18,11.0,54,54.0,24.7706,2.3,56.9725,3,Lee L.P.,교신,교신저자,원문 분석(정답지),성균융합원,성균융합원,S1
2022,45,2-s2.0-85123640541,10.1126/sciadv.abm4005,Unconventional interlayer exchange coupling via chiral phonons in synthetic magnetic oxide heterostructures,Science Advances,논문,2.18,11.0,48,47.0,22.0183,2.3,50.6422,3,Jeong S.G.; Choi W.S.,제1·교신,제1·교신 겸직,원문 분석(정답지),자연과학대학,물리학과,S1
2022,46,2-s2.0-85123689656,10.1136/heartjnl-2021-319511,Association between cardiologist evaluation and mortality in myocardial injury after noncardiac surgery,Heart,논문,2.17,11.0,31,31.0,14.2857,2.3,32.8571,2,Park J.; Lee S.H.,제1·교신,제1·교신 겸직,메타데이터 규칙,의과대학,의학과,S1
2022,47,2-s2.0-85131583403,10.1136/neurintsurg-2021-018308,Clinical outcomes of rescue stenting for failed endovascular thrombectomy: a multicenter prospective registry,Journal of Neurointerventional Surgery,논문,2.17,11.0,26,25.0,11.9816,2.3,27.5576,2,Baek J.H.,제1,제1저자,메타데이터 규칙,의과대학,의학과,S2
2022,48,2-s2.0-85132263948,10.1161/jaha.121.024143,Impact of the Obesity Paradox Between Sexes on In-Hospital Mortality in Cardiogenic Shock: A Retrospective Cohort Study,Journal of the American Heart Association,논문,2.17,11.0,23,23.0,10.5991,2.3,24.3779,2,Kwon W.; Yang J.H.,제1·교신,제1·교신 겸직,원문 분석(정답지),의과대학,의학과,S2
2022,49,2-s2.0-85137433458,10.1002/smll.202203767,Fast and High-Yield Anhydrous Synthesis of Ti3C2Tx MXene with High Electrical Conductivity and Exceptional Mechanical Strength,Small,논문,2.17,11.0,43,43.0,19.8157,2.3,45.576,3,Koo C.M.,교신,교신저자,원문 분석(정답지),공과대학,신소재공학부,S1
2022,50,2-s2.0-85140251787,10.1186/s40824-022-00305-2,Implantable micro-scale LED device guided photodynamic therapy to potentiate antitumor immunity with mild visible light,Biomaterials Research,논문,2.17,11.0,42,41.0,19.3548,2.3,44.5161,3,Lee J.S.; Kim T.i.,공동제1·교신,제1·교신 겸직,원문 분석(정답지),대학 미상(rims 연결),성균바이오융합과학기술원,S1
2023,1,2-s2.0-85144077413,10.1109/tsmc.2022.3221641,Event-Triggered Finite-Time Dissipative Filtering for Interval Type-2 Fuzzy Complex Dynamical Networks with Cyber Attacks,IEEE Transactions on Systems Man and Cybernetics Systems,논문,2.29,11.0,38,38.0,16.5939,2.3,38.1659,1,Sakthivel R.,교신,교신저자,메타데이터 규칙,자연과학대학,수학과,S1
2023,2,2-s2.0-85168804934,10.1016/j.sna.2023.114535,Low profile wind savonius turbine triboelectric nanogenerator for powering small electronics,Sensors and Actuators A Physical,논문,2.29,11.0,30,30.0,13.1004,2.3,30.131,1,Khan S.A.; Byun D.,교신,교신저자,원문 분석(정답지),두뇌한국21사업단,인간중심융합기계솔루션미래인재양성교육연구단,S1
2023,3,2-s2.0-85157999829,10.1002/advs.202301400,Modulation of Contact Resistance of Dual-Gated MoS2 FETs Using Fermi-Level Pinning-Free Antimony Semi-Metal Contacts,Advanced Science,논문,2.29,11.0,28,28.0,12.2271,2.3,28.1223,1,Ngo T.D.; Yoo W.J.,제1·교신,제1·교신 겸직,원문 분석(정답지),대학 미상(rims 연결),성균나노과학기술원,S1
2023,4,2-s2.0-85147570118,10.1016/j.agrformet.2023.109353,Triple collocation-based multi-source evaporation and transpiration merging,Agricultural and Forest Meteorology,논문,2.29,11.0,27,25.0,11.7904,2.3,27.1179,1,Choi M.,교신,교신저자,원문 분석(정답지),수자원전문대학원,수자원전문대학원,S1
2023,5,2-s2.0-85162936446,10.1016/j.apsusc.2023.157801,Room temperature-grown highly oriented p-type nanocrystalline tellurium thin-films transistors for large-scale CMOS circuits,Applied Surface Science,논문,2.28,11.0,31,31.0,13.5965,2.3,31.2719,1,Kim G.H.; Kim M.G.,제1·교신,제1·교신 겸직,원문 분석(정답지),공과대학,신소재공학부,S1
2023,6,2-s2.0-85177680217,10.3389/fimmu.2023.1278247,Artificial intelligence for the detection of sacroiliitis on magnetic resonance imaging in patients with axial spondyloarthritis,Frontiers in Immunology,논문,2.28,11.0,30,30.0,13.1579,2.3,30.2632,1,Lee S.; Jeon U.; Cha H.S.,제1·공동제1·교신,제1·교신 겸직,원문 분석(정답지),의과대학,의학과,S2
2023,7,2-s2.0-85141322327,10.1016/j.snb.2022.132939,High-performance and self-calibrating multi-gas sensor interface to trace multiple gas species with sub-ppm level,Sensors and Actuators B Chemical,논문,2.28,11.0,29,29.0,12.7193,2.3,29.2544,1,Purbia R.; Baik J.M.,공동제1·교신,제1·교신 겸직,원문 분석(정답지),공과대학,신소재공학부,S1
2023,8,2-s2.0-85166251956,10.3390/microorganisms11071665,Potential Oral Microbial Markers for Differential Diagnosis of Crohn’s Disease and Ulcerative Colitis Using Machine Learning Models,Microorganisms,논문,2.28,11.0,26,26.0,11.4035,2.3,26.2281,1,Park D.I.,교신,교신저자,원문 분석(정답지),의과대학,의학과,S1
2023,9,2-s2.0-85152117051,10.3803/enm.2023.102,Big Data Research in the Field of Endocrine Diseases Using the Korean National Health Information Database,Endocrinology and Metabolism,리뷰,2.27,11.0,64,64.0,28.1938,2.3,64.8458,1,Rhee E.J.,교신,교신저자,메타데이터 규칙,의과대학,의학과,S2
2023,10,2-s2.0-85153361090,10.1109/tmech.2023.3262235,Torsional Pneumatic Actuator Based on Pre-Twisted Pneumatic Tubes for Soft Robotic Manipulators,IEEE ASME Transactions on Mechatronics,논문,2.27,11.0,35,35.0,15.4185,2.3,35.4626,1,Oh N.; Rodrigue H.,제1·교신,제1·교신 겸직,메타데이터 규칙,대학 미상(rims 연결),인간중심융합기계솔루션미래인재양성교육연구단,S1
2023,11,2-s2.0-85137565916,10.1109/tits.2022.3197446,AI-Empowered Trajectory Anomaly Detection and Classification in 6G-V2X,IEEE Transactions on Intelligent Transportation Systems,논문,2.27,11.0,34,34.0,14.978,2.3,34.4493,1,Qureshi N.M.F.,교신,교신저자,메타데이터 규칙,사범대학,컴퓨터교육과,S1
2023,12,2-s2.0-85154072427,10.1021/acs.nanolett.3c00679,Plasmonic Double-Walled Nanoframes with Face-to-Face Nanogaps for Strong SERS Activity,Nano Letters,논문,2.27,11.0,33,33.0,14.5374,2.3,33.4361,1,Haddadnezhad M.N.; Jung I.; Park S.,제1·공동제1·교신,제1·교신 겸직,메타데이터 규칙,대학 미상(rims 연결),기초과학연구원,S1
2023,13,2-s2.0-85169088328,10.3390/app13169443,Marketing Insights from Reviews Using Topic Modeling with BERTopic and Deep Clustering Network,Applied Sciences Switzerland,논문,2.27,11.0,33,31.0,14.5374,2.3,33.4361,1,An Y.; Oh H.,제1·교신,제1·교신 겸직,원문 분석(정답지),소프트웨어융합대학,글로벌융합학부,S1
2023,14,2-s2.0-85164844193,10.1038/s41419-023-05945-3,β‐arrestin 2 negatively regulates lung cancer progression by inhibiting the TRAF6 signaling axis for NF-κB activation and autophagy induced by TLR3 and TLR4,Cell Death and Disease,논문,2.27,11.0,31,31.0,13.6564,2.3,31.4097,1,Kim J.Y.; Shin J.H.; Lee K.Y.,제1·공동제1·교신,제1·교신 겸직,원문 분석(정답지),의과대학,의학과,S1
2023,15,2-s2.0-85132871475,10.1007/s13273-022-00259-5,Effects of Agarum clathratum extract on cell death and calcium ion levels of ovarian cancer cell,Molecular and Cellular Toxicology,논문,2.27,11.0,20,19.0,8.8106,2.3,20.2643,1,Hong T.; Lim W.,공동제1·교신,제1·교신 겸직,원문 분석(정답지),자연과학대학,생명과학과,S1
2023,16,2-s2.0-85145774147,10.3390/ma16010059,"Iron Oxide Nanoparticles: A Review on the Province of Its Compounds, Properties and Biological Applications",Materials,리뷰,2.27,11.0,102,102.0,44.9339,2.3,103.348,2,Baabu P.R.S.,제1,제1저자,원문 분석(정답지),대학 미상(rims 연결),신소재공학전공,S1
2023,17,2-s2.0-85175261173,10.1016/j.istruc.2023.105403,Seismic retrofit of low-rise structures using rotational viscoelastic dampers,Structures,논문,2.26,11.0,30,29.0,13.2743,2.3,30.531,1,Mahdi Javidan M.; Kim J.,제1·교신,제1·교신 겸직,원문 분석(정답지),두뇌한국21사업단,리질리언트에코스마트시티인력양성교육연구단,S1
2023,18,2-s2.0-85160024700,10.1016/j.ijheatmasstransfer.2023.124309,Experimental investigation and analysis of two-phase flow instability of flow boiling in a mini-channel heat sink,International Journal of Heat and Mass Transfer,논문,2.26,11.0,28,28.0,12.3894,2.3,28.4956,1,Kim H.G.; Kim S.M.,제1·교신,제1·교신 겸직,원문 분석(정답지),대학 미상(rims 연결),공학연구원,S1
2023,19,2-s2.0-85172085705,10.1002/eom2.12413,Performance-enhanced eco-friendly triboelectric nanogenerator via wettability manipulation of lignin,Ecomat,논문,2.26,11.0,27,26.0,11.9469,2.3,27.4779,1,Jo H.; Park D.; Joo M.; Kim K.H.; An S.,제1·공동제1·교신,제1·교신 겸직,원문 분석(정답지),일반대학원,나노과학기술학과,S1
2023,20,2-s2.0-85152547910,10.3389/fpls.2023.1124277,"New insights into the phylogenetic relationships among wild onions (Allium, Amaryllidaceae), with special emphasis on the subgenera Anguinum and Rhizirideum, as revealed by plastomes",Frontiers in Plant Science,논문,2.26,11.0,24,24.0,10.6195,2.3,24.4248,1,Kim S.C.,교신,교신저자,원문 분석(정답지),자연과학대학,생명과학과,S1
2023,21,2-s2.0-85159217994,10.3390/math11092023,Assisting the Human Embryo Viability Assessment by Deep Learning for In Vitro Fertilization,Mathematics,논문,2.26,11.0,17,17.0,7.5221,2.3,17.3009,1,Lee S.W.,교신,교신저자,원문 분석(정답지),의과대학,의학과,S1
2023,22,2-s2.0-85137287950,10.1016/j.cej.2022.138883,Gradational anionic redox enabling high-energy P2-type Na-layered oxide cathode,Chemical Engineering Journal,논문,2.25,11.0,40,40.0,17.7778,2.3,40.8889,1,Lee S.; Ko W.; Kim J.,제1·공동제1·교신,제1·교신 겸직,원문 분석(정답지),성균융합원,에너지학과,S1
2023,23,2-s2.0-85141639543,10.1016/j.cej.2022.140191,Self-assembled functional layers onto separator toward practical lithium metal batteries,Chemical Engineering Journal,논문,2.25,11.0,40,40.0,17.7778,2.3,40.8889,1,Min Yang K.; Lee Y.,제1·교신,제1·교신 겸직,원문 분석(정답지),공과대학,공과대학,S1
2023,24,2-s2.0-85160257113,10.3390/rel14050663,The Dynamic Characteristics of “Jeong 情”: A New Perspective on the Korean Neo-Confucian Four–Seven Debate †,Religions,논문,2.25,11.0,4,4.0,1.7778,2.3,4.0889,1,Park S.J.,제1·교신,제1·교신 겸직,원문 분석(정답지),유학대학,유학.동양학과,S1
2023,25,2-s2.0-85146919791,10.1002/adfm.202212977,"A Self-Reporting Mineralized Conductive Hydrogel Sensor with Cancer-Selective Viscosity, Adhesiveness, and Stretchability",Advanced Functional Materials,논문,2.24,11.0,34,34.0,15.1786,2.3,34.9107,1,Lee D.H.; Bhang S.H.,공동제1·교신,제1·교신 겸직,원문 분석(정답지),공과대학,화학공학부,S1
2023,26,2-s2.0-85150985949,10.1002/smll.202300174,Hybrid Perovskite-Based Wireless Integrated Device Exceeding a Solar to Hydrogen Conversion Efficiency of 11%,Small,논문,2.24,11.0,34,34.0,15.1786,2.3,34.9107,1,Yang W.,교신,교신저자,원문 분석(정답지),공과대학,화학공학부,S1
2023,27,2-s2.0-85171617983,10.1016/j.mtadv.2023.100427,"Breathable, self-healable, washable and durable all-fibrous triboelectric nanogenerator for wearable electronics",Materials Today Advances,논문,2.24,11.0,33,33.0,14.7321,2.3,33.8839,1,Khanh T.D.; Kim J.W.,제1·교신,제1·교신 겸직,원문 분석(정답지),대학 미상(rims 연결),공학연구원,S1
2023,28,2-s2.0-85163814994,10.1016/j.jhydrol.2023.129874,The effects of flash drought on the terrestrial ecosystem in Korea,Journal of Hydrology,논문,2.24,11.0,27,26.0,12.0536,2.3,27.7232,1,Kang M.; Choi M.,제1·교신,제1·교신 겸직,원문 분석(정답지),수자원전문대학원,수자원전문대학원,S1
2023,29,2-s2.0-85146049542,10.1016/j.amc.2023.127832,Reduced-order filtering for semi-Markovian jump systems against randomly occurring false data injection attacks,Applied Mathematics and Computation,논문,2.24,11.0,19,19.0,8.4821,2.3,19.5089,1,Sakthivel R.,교신,교신저자,원문 분석(정답지),자연과학대학,수학과,S1
2023,30,2-s2.0-85160299411,10.1007/s00330-023-09756-0,Use of individualized 3D-printed models of pancreatic cancer to improve surgeons’ anatomic understanding and surgical planning,European Radiology,논문,2.24,11.0,19,19.0,8.4821,2.3,19.5089,1,Song C.; Min J.H.,제1·교신,제1·교신 겸직,원문 분석(정답지),의과대학,의학과,S2
2023,31,2-s2.0-85176355457,10.1142/s0218348x23401497,ARTIFICIAL INTELLIGENCE-DRIVEN APPROACH TO IDENTIFY AND RECOMMEND THE WINNER IN A TIED EVENT IN SPORTS SURVEILLANCE,Fractals,논문,2.24,11.0,19,19.0,8.4821,2.3,19.5089,1,Muhammad K.,교신,교신저자,메타데이터 규칙,소프트웨어융합대학,글로벌융합학부,S1
2023,32,2-s2.0-85152483388,10.4143/crt.2022.343,Neoadjuvant Nivolumab Plus Gemcitabine/Cisplatin Chemotherapy in Muscle-Invasive Urothelial Carcinoma of the Bladder,Cancer Research and Treatment,논문,2.23,11.0,28,28.0,12.5561,2.3,28.8789,1,Kim H.; Jeong B.C.; Park S.H.,제1·공동제1·교신,제1·교신 겸직,원문 분석(정답지),의과대학,의학과,S1
2023,33,2-s2.0-85171566536,10.20517/ss.2023.08,Injectable and tissue-conformable conductive hydrogel for MRI-compatible brain-interfacing electrodes,Soft Science,논문,2.23,11.0,26,26.0,11.6592,2.3,26.8161,1,Kim S.D.; Shin M.; Son D.,제1·교신,제1·교신 겸직,메타데이터 규칙,학부대학,학부대학,S1
2023,34,2-s2.0-85153623993,10.1016/j.apcatb.2023.122816,High-valent metal site incorporated heterointerface catalysts for high-performance anion-exchange membrane water electrolysers,Applied Catalysis B Environmental,논문,2.23,11.0,38,38.0,17.0404,2.3,39.1928,2,Choi G.H.; Clament Sagaya Selvam N.; Yoon W.S.; Yoo P.J.,제1·공동제1·교신,제1·교신 겸직,원문 분석(정답지),성균융합원,에너지학과,S1
2023,35,2-s2.0-85145025678,10.1002/adfm.202209157,Photosynthetic Cyanobacteria can Clearly Induce Efficient Muscle Tissue Regeneration of Bioprinted Cell-Constructs,Advanced Functional Materials,논문,2.23,11.0,36,35.0,16.1435,2.3,37.13,2,Hwangbo H.; Lee H.; Woo H.M.; Ryu D.; Kim G.H.,제1·공동제1·교신,제1·교신 겸직,원문 분석(정답지),의과대학,의학과,S1
2023,36,2-s2.0-85163494299,10.1016/j.trf.2023.05.014,Investigating effects of multimodal explanations using multiple In-vehicle displays for takeover request in conditionally automated driving,Transportation Research Part F Traffic Psychology and Behaviour,논문,2.23,11.0,34,34.0,15.2466,2.3,35.0673,2,Kim S.,교신,교신저자,원문 분석(정답지),일반대학원,인간AI인터랙션융합전공,S1
2023,37,2-s2.0-85169819765,10.1063/5.0153290,Achromatic elastic metalens for high-performance confocal piezoelectric energy harvesting,Applied Physics Letters,논문,2.22,11.0,20,20.0,9.009,2.3,20.7207,1,Kim M.,교신,교신저자,메타데이터 규칙,일반대학원,신소재공학과,S1
2023,38,2-s2.0-85161661697,10.1016/j.envres.2023.116350,Effect of biocarriers on the nitrification and microbial community in moving bed biofilm reactor for anaerobic digestion effluent treatment,Environmental Research,논문,2.22,11.0,33,33.0,14.8649,2.3,34.1892,2,Jang D.; Jang A.,제1·교신,제1·교신 겸직,원문 분석(정답지),공과대학,공과대학,S1
2023,39,2-s2.0-85172901844,10.1149/1945-7111/acf525,A Solvent-Free Process Enabled by Polytetrafluoroethlyene/Carbon Black Composites for Fabricating Electrodes for Lithium-Ion Batteries with a High Volumetric Energy,Journal of the Electrochemical Society,논문,2.22,11.0,33,32.0,14.8649,2.3,34.1892,2,Choi H.; Moon D.; Kim Y.J.,제1·공동제1·교신,제1·교신 겸직,메타데이터 규칙,성균나노과학기술원,성균나노과학기술원,S1
2023,40,2-s2.0-85182099913,10.1109/lmwc.2022.3216019,D-Band ×8 Frequency Multiplier Using Complementary Differential Frequency Doubler,IEEE Microwave and Wireless Technology Letters,논문,2.22,11.0,30,29.0,13.5135,2.3,31.0811,2,Park J.H.,제1·교신,제1·교신 겸직,메타데이터 규칙,대학 미상(rims 연결),IT융합연구원,S1
2023,41,2-s2.0-85166203884,10.3390/e25071092,Degree-Based Graph Entropy in Structure–Property Modeling,Entropy,논문,2.21,11.0,24,24.0,10.8597,2.3,24.9774,1,Mondal S.; Das K.C.,제1·공동제1·교신,제1·교신 겸직,원문 분석(정답지),대학 미상(rims 연결),기초과학연구원,S1
2023,42,2-s2.0-85182342432,10.1109/icems59686.2023.10345156,Design of Propulsion Motor for EV to Mitigate Shaft Voltage Considering Electromagnetic Performance,2023 26th International Conference on Electrical Machines and Systems Icems 2023,학술대회,2.21,11.0,5,5.0,2.2624,2.3,5.2036,1,Yoon H.J.,제1·교신,제1·교신 겸직,메타데이터 규칙,미연결,,S1
2023,43,2-s2.0-105031555441,10.54941/ahfe1002853,Privacy Preserving Stress Detection System Using Physiological Data from Wearable Device,Applied Human Factors and Ergonomics International,단행본 장,2.21,11.0,4,4.0,1.81,2.3,4.1629,1,Lee Y.,제1,제1저자,메타데이터 규칙,일반대학원,인터랙션사이언스학과,S1
2023,44,2-s2.0-85164700890,10.1016/j.eswa.2023.120923,Learning from single-defect wafer maps to classify mixed-defect wafer maps,Expert Systems with Applications,논문,2.21,11.0,35,35.0,15.8371,2.3,36.4253,2,Kang S.,교신,교신저자,원문 분석(정답지),공과대학,시스템경영공학과,S1
2023,45,2-s2.0-85149412331,10.1109/lwc.2023.3250257,DS2MA: A Deep Learning-Based Spectrum Sensing Scheme for a Multi-Antenna Receiver,IEEE Wireless Communications Letters,논문,2.21,11.0,33,33.0,14.9321,2.3,34.3439,2,Chae K.; Kim Y.,제1·교신,제1·교신 겸직,메타데이터 규칙,소프트웨어융합대학,소프트웨어융합대학,S1
2023,46,2-s2.0-85161666851,10.1016/j.colsurfb.2023.113395,CD44-mediated tumor homing of hyaluronic acid nanogels for hypoxia-activated photodynamic therapy against tumor,Colloids and Surfaces B Biointerfaces,논문,2.21,11.0,33,33.0,14.9321,2.3,34.3439,2,Jang M.S.; Lee J.H.,공동제1·교신,제1·교신 겸직,원문 분석(정답지),의과대학,의과대학,S1
2023,47,2-s2.0-85149971277,10.1007/s40820-023-01026-4,Single-Phase Ternary Compounds with a Disordered Lattice and Liquid Metal Phase for High-Performance Li-Ion Battery Anodes,Nano Micro Letters,논문,2.21,11.0,31,31.0,14.0271,2.3,32.2624,2,Li Y.; Park H.S.; Li W.,제1·교신,제1·교신 겸직,원문 분석(정답지),공과대학,화학공학부,S1
2023,48,2-s2.0-85146395880,10.3389/fimmu.2022.1038089,Tumor-infiltrating lymphocyte enrichment predicted by CT radiomics analysis is associated with clinical outcomes of non-small cell lung cancer patients receiving immune checkpoint inhibitors,Frontiers in Immunology,논문,2.21,11.0,29,29.0,13.1222,2.3,30.181,2,Jeong D.Y.; Lee H.Y.,공동제1·교신,제1·교신 겸직,원문 분석(정답지),의과대학,의학과,S1
2023,49,2-s2.0-85158134780,10.1186/s40824-023-00387-6,Self-assembled peptide-substance P hydrogels alleviate inflammation and ameliorate the cartilage regeneration in knee osteoarthritis,Biomaterials Research,논문,2.21,11.0,29,29.0,13.1222,2.3,30.181,2,Kim S.J.,제1,제1저자,원문 분석(정답지),의과대학,의과대학,S2
2023,50,2-s2.0-85150608735,10.1001/jamaophthalmol.2022.5927,An Outbreak of Fungal Endophthalmitis after Cataract Surgery in South Korea,JAMA Ophthalmology,학술대회,2.2,11.0,20,20.0,9.0909,2.3,20.9091,1,Kang S.W.,교신,교신저자,메타데이터 규칙,의과대학,의학과,S1
2024,1,2-s2.0-85159053071,10.1002/eem2.12632,Recent Progress and Regulation Strategies of Layered Materials as Cathode of Aqueous Zinc-Ion Batteries,Energy and Environmental Materials,리뷰,2.34,11.0,78,77.0,33.3333,2.35,78.3333,1,Yuan Y.; Song X.; Lee J.Y.,제1·공동제1·교신,제1·교신 겸직,원문 분석(정답지),자연과학대학,화학과,S1
2024,2,2-s2.0-85196047254,10.1021/acsnano.4c06220,In Situ Phase Separation-Induced Self-Healing Catalyst for Efficient Direct Seawater Electrolysis,ACS Nano,논문,2.34,11.0,25,25.0,10.6838,2.35,25.1068,1,Baik J.M.,교신,교신저자,메타데이터 규칙,공과대학,신소재공학부,S1
2024,3,2-s2.0-85192961230,10.1002/advs.202400858,Reducing Peptidoglycan Crosslinking by Chemical Modulator Reverts β-lactam Resistance in Methicillin-Resistant Staphylococcus aureus,Advanced Science,논문,2.34,11.0,21,21.0,8.9744,2.35,21.0897,1,Kim J.H.; Lee W.,제1·교신,제1·교신 겸직,원문 분석(정답지),약학대학,약학대학,S1
2024,4,2-s2.0-85205790580,10.1002/advs.202407870,All-Ferroelectric Spiking Neural Networks via Morphotropic Phase Boundary Neurons,Advanced Science,논문,2.34,11.0,21,21.0,8.9744,2.35,21.0897,1,Shin W.,공동제1,제1저자,메타데이터 규칙,정보통신대학,반도체융합공학과,S1
2024,5,2-s2.0-85181893736,10.3390/molecules29010237,Membrane-Disruptive Effects of Fatty Acid and Monoglyceride Mitigants on E. coli Bacteria-Derived Tethered Lipid Bilayers,Molecules,논문,2.34,11.0,20,20.0,8.547,2.35,20.0855,1,Tan S.W.; Jackman J.A.,제1·교신,제1·교신 겸직,원문 분석(정답지),대학 미상(rims 연결),공학연구원,S1
2024,6,2-s2.0-85173521952,10.1016/j.acra.2023.09.013,Diagnostic Performance of Artificial Intelligence–Based Computer-Aided Detection Software for Automated Breast Ultrasound,Academic Radiology,논문,2.34,11.0,14,13.0,5.9829,2.35,14.0598,1,Kwon M.r.; Youn I.,제1·교신,제1·교신 겸직,원문 분석(정답지),의과대학,의학과,S2
2024,7,2-s2.0-85198050756,10.1186/s12984-024-01404-y,Use of cortical hemodynamic responses in digital therapeutics for upper limb rehabilitation in patients with stroke,Journal of Neuroengineering and Rehabilitation,논문,2.34,11.0,14,14.0,5.9829,2.35,14.0598,1,Kim Y.H.,교신,교신저자,원문 분석(정답지),대학 미상(rims 연결),의학연구소,S2
2024,8,2-s2.0-85195546475,10.1007/s00330-024-10835-z,Computed tomography characteristics of cN0 primary non-small cell lung cancer predict occult lymph node metastasis,European Radiology,논문,2.34,11.0,13,13.0,5.5556,2.35,13.0556,1,Kang D.; Lee H.Y.,공동제1·교신,제1·교신 겸직,원문 분석(정답지),의과대학,의학과,S1
2024,9,2-s2.0-85185490292,10.1016/j.wneu.2023.12.082,Clinical Significance of Lordosis Orientation on Proximal Junctional Kyphosis Development in Long-Segment Fusion Surgery for Adult Spinal Deformity,World Neurosurgery,논문,2.34,11.0,11,11.0,4.7009,2.35,11.047,1,Park S.J.; Kim H.J.,제1·교신,제1·교신 겸직,원문 분석(정답지),의과대학,의학과,S2
2024,10,2-s2.0-85208423019,10.3390/math12213407,Artificial Neural Network-Based Data-Driven Parameter Estimation Approach: Applications in PMDC Motors,Mathematics,논문,2.34,11.0,11,11.0,4.7009,2.35,11.047,1,Lee S.W.,교신,교신저자,원문 분석(정답지),의과대학,의학과,S1
2024,11,2-s2.0-85192573754,10.1038/s41467-024-47861-w,“On-Water” accelerated dearomative cycloaddition via aquaphotocatalysis,Nature Communications,논문,2.33,11.0,28,28.0,12.0172,2.35,28.2403,1,Kim S.B.; Bae H.Y.,제1·교신,제1·교신 겸직,원문 분석(정답지),자연과학대학,화학과,S1
2024,12,2-s2.0-85179934765,10.1002/adfm.202311167,"A Reversible, Versatile Skin-Attached Haptic Interface Platform with Bioinspired Interconnection Architectures Capable of Resisting Sweat and Vibration",Advanced Functional Materials,논문,2.33,11.0,27,27.0,11.588,2.35,27.2318,1,Kim J.; Pang C.,제1·교신,제1·교신 겸직,원문 분석(정답지),공과대학,화학공학부,S1
2024,13,2-s2.0-85185832013,10.1016/j.apsusc.2024.159564,Enhancement of photosensitivity and stability of Sn-12 EUV resist by integrating photoactive nitrate anion,Applied Surface Science,논문,2.33,11.0,24,23.0,10.3004,2.35,24.206,1,Kang Y.K.; Kim M.G.,제1·교신,제1·교신 겸직,원문 분석(정답지),일반대학원,신소재공학과,S1
2024,14,2-s2.0-85197320021,10.1016/j.net.2024.06.031,Radiation effects on multi-channel Forksheet-FET and Nanosheet-FET considering the bottom dielectric isolation scheme,Nuclear Engineering and Technology,논문,2.33,11.0,19,18.0,8.1545,2.35,19.1631,1,Choi G.; Jeon J.,제1·교신,제1·교신 겸직,원문 분석(정답지),정보통신대학,전자전기공학부,S1
2024,15,2-s2.0-85210587043,10.17998/jlc.2024.08.04,Local ablation for hepatocellular carcinoma: 2024 expert consensus-based practical recommendation of the Korean Liver Cancer Association,Journal of Liver Cancer,논문,2.33,11.0,14,13.0,6.0086,2.35,14.1202,1,Han S.,제1,제1저자,메타데이터 규칙,의과대학,의학과,S2
2024,16,2-s2.0-85173915709,10.1007/s12020-023-03510-8,Mortality rate and causes of death in papillary thyroid microcarcinoma,Endocrine,논문,2.32,11.0,17,17.0,7.3276,2.35,17.2198,1,Chung J.H.,교신,교신저자,원문 분석(정답지),의과대학,의학과,S2
2024,17,2-s2.0-85174209798,10.1016/j.fsigen.2023.102942,"Analysis of the influence of host lifestyle (coffee consumption, drinking, and smoking) on Korean oral microbiome",Forensic Science International Genetics,논문,2.31,11.0,14,14.0,6.0606,2.35,14.2424,1,Yu K.M.; Lim S.K.,제1·교신,제1·교신 겸직,원문 분석(정답지),일반대학원,과학수사학과,S1
2024,18,2-s2.0-85183730724,10.1007/s40005-023-00661-8,Cancer cell membrane-decorated hybrid liposomes for treating metastatic breast cancer based on enhanced cancer immunotherapy,Journal of Pharmaceutical Investigation,논문,2.31,11.0,13,13.0,5.6277,2.35,13.2251,1,Lee J.; Lee W.T.; Youn Y.S.,제1·공동제1·교신,제1·교신 겸직,메타데이터 규칙,약학대학,약학과,S1
2024,19,2-s2.0-85179342315,10.1245/s10434-023-14555-4,Clinical and Pathologic Supraclavicular Lymph Node Metastases in Esophageal Squamous Cell Carcinoma Treated by Esophagectomy with Three-Field Lymph Node Dissection,Annals of Surgical Oncology,논문,2.31,11.0,12,12.0,5.1948,2.35,12.2078,1,Park S.Y.; Lee J.; Shim Y.M.,제1·공동제1·교신,제1·교신 겸직,원문 분석(정답지),의과대학,의학과,S2
2024,20,2-s2.0-85198565381,10.1016/j.resuscitation.2024.110302,Artificial intelligence-based evaluation of carotid artery compressibility via point-of-care ultrasound in determining the return of spontaneous circulation during cardiopulmonary resuscitation,Resuscitation,논문,2.31,11.0,10,10.0,4.329,2.35,10.1732,1,Park S.; Yoon H.; Jin Chung M.,제1·공동제1·교신,제1·교신 겸직,원문 분석(정답지),의과대학,의학과,S1
2024,21,2-s2.0-85212732940,10.1007/978-3-031-57446-7_1,The Evolutionary Origin of Primary Plastids,Endosymbiotic Organelle Acquisition Solutions to the Problem of Protein Localization and Membrane Passage,단행본 장,2.31,11.0,2,2.0,0.8658,2.35,2.0346,1,Lhee D.; Yoon H.S.,제1·교신,제1·교신 겸직,메타데이터 규칙,자연과학대학,생명과학과,S1
2024,22,2-s2.0-85211962934,10.29026/oea.2024.240122,Advanced biological imaging techniques based on metasurfaces,Opto Electronic Advances,리뷰,2.31,11.0,64,63.0,27.7056,2.35,65.1082,2,Jo Y.; Kim I.,제1·교신,제1·교신 겸직,메타데이터 규칙,양자생명물리과학원,양자생명물리과학원,S1
2024,23,2-s2.0-85193268420,10.1021/acs.jpcc.3c08348,Controlling the Electro-Optical Properties of an AlSb Monolayer with a DLHC Structure through Phosphorus Alloying: A DFT Study,Journal of Physical Chemistry C,논문,2.3,11.0,23,23.0,10.0,2.35,23.5,1,Ghergherehchi M.,교신,교신저자,메타데이터 규칙,정보통신대학,전자전기공학부,S1
2024,24,2-s2.0-85184725230,10.1002/adfm.202310097,Vertically Aligned Conductive Metal–Organic Frameworks with Switchable Electrical Conductivity for Li Metal Anode,Advanced Functional Materials,논문,2.29,11.0,28,26.0,12.2271,2.35,28.7336,1,Jin Y.; Lee I.H.; Whang D.,제1·공동제1·교신,제1·교신 겸직,원문 분석(정답지),대학 미상(rims 연결),성균나노과학기술원,S1
2024,25,2-s2.0-85183668020,10.1002/adfm.202310377,N-Heterocyclic Carbene–Graphene Nanotransistor Based on Covalent Bond for Ultrastable Biosensors,Advanced Functional Materials,논문,2.29,11.0,26,26.0,11.3537,2.35,26.6812,1,Kwon O.S.,교신,교신저자,원문 분석(정답지),성균나노과학기술원,성균나노과학기술원,S1
2024,26,2-s2.0-85187701304,10.1002/adfm.202402144,Thermal Interface Hydrogel Composites Mechanically Compliant with Curvy Skins and Rigid Electronic Modules,Advanced Functional Materials,논문,2.29,11.0,26,26.0,11.3537,2.35,26.6812,1,Ji D.; Kim J.,제1·교신,제1·교신 겸직,원문 분석(정답지),대학 미상(rims 연결),공학연구원,S1
2024,27,2-s2.0-85182230961,10.1002/solr.202300858,Practical and Thermal Atomic Layer Deposition of NiO as Hole-Transporting Layers for Inverted Perovskite Solar Cells,Solar Rrl,논문,2.29,11.0,22,22.0,9.607,2.35,22.5764,1,Park H.; Shin H.,제1·교신,제1·교신 겸직,원문 분석(정답지),대학 미상(rims 연결),신재생에너지통합시스템혁신인재양성교육연구단,S1
2024,28,2-s2.0-85188277026,10.1177/17474930241239266,Edoxaban for the treatment of hypercoagulability and cerebral thromboembolism associated with cancer: A randomized clinical trial of biomarker targets,International Journal of Stroke,논문,2.29,11.0,16,15.0,6.9869,2.35,16.4192,1,Chung J.W.; Bang O.Y.,제1·교신,제1·교신 겸직,메타데이터 규칙,의과대학,의학과,S1
2024,29,2-s2.0-85181737635,10.1002/app5.384,Transboundary fine dust pollution in China and Korea: How has international politics impeded environmental negotiations?,Asia and the Pacific Policy Studies,논문,2.29,11.0,13,13.0,5.6769,2.35,13.3406,1,Zhang M.,제1·교신,제1·교신 겸직,원문 분석(정답지),동아시아학술원,동아시아학술원,S1
2024,30,2-s2.0-85209781636,10.1145/3664647.3681116,F-3DGS: Factorized Coordinates and Representations for 3D Gaussian Splatting,Mm 2024 Proceedings of the 32nd ACM International Conference on Multimedia,학술대회,2.29,11.0,13,12.0,5.6769,2.35,13.3406,1,Sun X.; Park E.,제1·교신,제1·교신 겸직,메타데이터 규칙,대학 미상(rims 연결),,S1
2024,31,2-s2.0-85186510754,10.1016/j.cej.2024.149586,Integrated adsorption using ultrahigh-porosity magnesium oxide with multi-output predictive deep belief networks: A robust approach for fluoride treatment,Chemical Engineering Journal,논문,2.28,11.0,30,29.0,13.1579,2.35,30.9211,1,Nguyen D.A.; Jang A.,제1·교신,제1·교신 겸직,원문 분석(정답지),수자원전문대학원,수자원전문대학원,S1
2024,32,2-s2.0-85191657545,10.1016/j.cej.2024.151420,Critical interplay between ruthenium oxide and water for the catalytic conversion of lignin to sustainable aviation fuel,Chemical Engineering Journal,논문,2.28,11.0,29,29.0,12.7193,2.35,29.8904,1,Verma D.; Kim J.,제1·교신,제1·교신 겸직,원문 분석(정답지),공과대학,기계공학부,S1
2024,33,2-s2.0-85199777196,10.29026/oea.2024.240029,Highly enhanced UV absorption and light emission of monolayer WS2 through hybridization with Ti2N MXene quantum dots and g-C3N4 quantum dots,Opto Electronic Advances,논문,2.28,11.0,22,21.0,9.6491,2.35,22.6754,1,Sharbirin A.S.; Kim J.,제1·교신,제1·교신 겸직,메타데이터 규칙,성균융합원,에너지학과,S1
2024,34,2-s2.0-85185497794,10.1002/adom.202302701,Stabilizing Single-Source Evaporated Perovskites with Organic Interlayers for Amplified Spontaneous Emission,Advanced Optical Materials,논문,2.28,11.0,20,19.0,8.7719,2.35,20.614,1,Chin S.H.,제1·교신,제1·교신 겸직,원문 분석(정답지),대학 미상(rims 연결),성균나노과학기술원,S1
2024,35,2-s2.0-85169907520,10.1002/adom.202301626,A Design Strategy for Multiple Resonance-Induced Pure Violet Thermally Activated Delayed Fluorescence Emitters with a Narrow Emission Band,Advanced Optical Materials,논문,2.28,11.0,19,19.0,8.3333,2.35,19.5833,1,Park J.; Lee J.Y.,제1·교신,제1·교신 겸직,원문 분석(정답지),대학 미상(rims 연결),공학연구원,S1
2024,36,2-s2.0-85198342290,10.1111/1471-0528.17912,Menopausal stages and overactive bladder symptoms in middle-aged women: A cross-sectional study,BJOG an International Journal of Obstetrics and Gynaecology,논문,2.28,11.0,10,10.0,4.386,2.35,10.307,1,Park J.; Chang Y.,제1·교신,제1·교신 겸직,원문 분석(정답지),의과대학,의과대학,S1
2024,37,2-s2.0-85200370714,10.5468/ogs.24005,"The influence of advanced maternal age on congenital malformations, short- and long-term outcomes in offspring of nulligravida: a Korean National Cohort Study over 15 years",Obstetrics and Gynecology Science,논문,2.28,11.0,10,10.0,4.386,2.35,10.307,1,You S.J.; Kang D.; Cho J.; Oh S.Y.,제1·공동제1·교신,제1·교신 겸직,원문 분석(정답지),의과대학,의학과,S1
2024,38,2-s2.0-85181582287,10.1002/qua.27336,The minimal chemical tree for the difference between geometric–arithmetic and Randić indices,International Journal of Quantum Chemistry,논문,2.27,11.0,18,18.0,7.9295,2.35,18.6344,1,Mondal S.; Das K.C.,제1·교신,제1·교신 겸직,원문 분석(정답지),대학 미상(rims 연결),기초과학연구원,S1
2024,39,2-s2.0-85192018058,10.1038/s41380-024-02572-y,Anterior cingulate cortex-related functional hyperconnectivity underlies sensory hypersensitivity in Grin2b-mutant mice,Molecular Psychiatry,논문,2.27,11.0,18,18.0,7.9295,2.35,18.6344,1,Kim S.G.,교신,교신저자,원문 분석(정답지),성균융합원,글로벌바이오메디컬공학과,S1
2024,40,2-s2.0-85190087372,10.1002/jcsm.13462,Prognostic impact of muscle mass loss in elderly patients with oesophageal cancer receiving neoadjuvant chemoradiation therapy,Journal of Cachexia Sarcopenia and Muscle,논문,2.27,11.0,14,14.0,6.1674,2.35,14.4934,1,Oh D.,교신,교신저자,원문 분석(정답지),의과대학,의학과,S2
2024,41,2-s2.0-85196266863,10.1016/j.jad.2024.06.031,Effect of virtual reality-based biofeedback for depressive and anxiety symptoms: Randomized controlled study,Journal of Affective Disorders,논문,2.27,11.0,14,13.0,6.1674,2.35,14.4934,1,Cho Y.; Jeon H.J.,제1·교신,제1·교신 겸직,원문 분석(정답지),의과대학,의과대학,S1
2024,42,2-s2.0-85187685939,10.21053/ceo.2023.00010,Changes in Revision Cochlear Implantation and Device Failure Profiles,Clinical and Experimental Otorhinolaryngology,논문,2.27,11.0,8,8.0,3.5242,2.35,8.2819,1,Song B.; Moon I.J.,제1·교신,제1·교신 겸직,원문 분석(정답지),의과대학,의과대학,S2
2024,43,2-s2.0-85201183654,,PeRF: Preemption-enabled RDMA Framework,Proceedings of the 2024 Usenix Annual Technical Conference Atc 2024,학술대회,2.27,11.0,6,6.0,2.6432,2.35,6.2115,1,Kim Y.,교신,교신저자,Scopus FULL 교신 조회로 결정,소프트웨어융합대학,소프트웨어학과,S1
2024,44,2-s2.0-85197673777,10.1002/smj.3638,Public enemies? The differential effects of reputation and celebrity on corporate misconduct scandalization,Strategic Management Journal,논문,2.26,11.0,25,25.0,11.0619,2.35,25.9956,1,Han J.H.,제1·교신,제1·교신 겸직,원문 분석(정답지),경영전문대학원,경영전문대학원,S1
2024,45,2-s2.0-85189509505,10.1016/j.ijhcs.2024.103262,Designing an age-friendly conversational AI agent for mobile banking: the effects of voice modality and lip movement,International Journal of Human Computer Studies,논문,2.26,11.0,24,23.0,10.6195,2.35,24.9558,1,Kim D.; Song H.,제1·교신,제1·교신 겸직,원문 분석(정답지),일반대학원,인터랙션사이언스학과,S1
2024,46,2-s2.0-85174690925,10.1016/j.ijhcs.2023.103163,Automatic generation of virtual architecture using user activities in metaverse,International Journal of Human Computer Studies,논문,2.26,11.0,23,23.0,10.177,2.35,23.9159,1,Jang S.Y.,제1·교신,제1·교신 겸직,원문 분석(정답지),건설환경연구소,건설환경연구소,S1
2024,47,2-s2.0-85191308011,10.1016/j.addma.2024.104152,Multi-scale hybrid reinforced super duplex stainless steel matrix composites with high strength and ductility via laser powder bed fusion and an in-situ synthesis strategy,Additive Manufacturing,논문,2.26,11.0,22,22.0,9.7345,2.35,22.8761,1,Fang Y.; Suhr J.,제1·교신,제1·교신 겸직,원문 분석(정답지),대학 미상(rims 연결),공학연구원,S1
2024,48,2-s2.0-85191247102,10.1186/s12985-024-02374-2,"Antiviral screening of natural, anti-inflammatory compound library against African swine fever virus",Virology Journal,논문,2.26,11.0,14,14.0,6.1947,2.35,14.5575,1,Jackman J.A.,제1·교신,제1·교신 겸직,원문 분석(정답지),공과대학,화학공학부,S1
2024,49,2-s2.0-85207234237,10.1038/s41528-024-00355-7,Real-time deep learning-assisted mechano-acoustic system for respiratory diagnosis and multifunctional classification,Npj Flexible Electronics,논문,2.26,11.0,26,26.0,11.5044,2.35,27.0354,2,Lee H.K.; Park S.U.; Kong S.; Chun I.Y.; Park H.Y.; Won S.M.,제1·공동제1·교신,제1·교신 겸직,메타데이터 규칙,삼성융합의과학원,삼성융합의과학원,S1
2024,50,2-s2.0-85198932916,10.1161/circulationaha.123.067992,Associations of Urban Blue and Green Spaces with Coronary Artery Calcification in Black Individuals and Disadvantaged Neighborhoods,Circulation,논문,2.25,11.0,17,17.0,7.5556,2.35,17.7556,1,Kim K.,제1,제1저자,메타데이터 규칙,의과대학,의학과,S1
2025,1,2-s2.0-105003942981,10.1002/adma.202418465,A Decade of Lead Halide Perovskites for Direct-Conversion X-ray and Gamma Detection: Technology Readiness Level and Challenges,Advanced Materials,리뷰,2.51,11.0,45,44.0,17.9283,2.52,45.1793,1,Kovalenko M.V.,교신,교신저자,원문 분석(정답지),성균에너지과학기술원,성균에너지과학기술원,S1
2025,2,2-s2.0-105030993171,10.1117/1.bios.2.2.020901,Label-free optical microscopy with artificial intelligence: a new paradigm in pathology,Biophotonics Discovery,리뷰,2.51,11.0,22,21.0,8.7649,2.52,22.0876,1,Park B.,교신,교신저자,원문 분석(정답지),일반대학원,생명물리학과,S1
2025,3,2-s2.0-105001486709,10.1108/jrim-01-2024-0015,Unveiling product imagination and decision comfort through personalized virtual try-on: the moderating role of spatial processing perception,Journal of Research in Interactive Marketing,논문,2.51,11.0,16,16.0,6.3745,2.52,16.0637,1,Kim S.,제1·교신,제1·교신 겸직,메타데이터 규칙,예술대학,의상학과,S1
2025,4,2-s2.0-85213265393,10.1016/j.jbusres.2024.115162,Proposing the “Digital Agenticity Theory” to analyze user engagement in conversational AI chatbot,Journal of Business Research,논문,2.51,11.0,15,15.0,5.9761,2.52,15.0598,1,Gyeong Kim M.; Chang Lee K.,제1·교신,제1·교신 겸직,원문 분석(정답지),일반대학원,경영학과,S1
2025,5,2-s2.0-105000138697,10.1016/j.jclepro.2025.145320,From corporate earnings calls to social impact: Exploring ESG signals in S&P 500 ESG index companies through transformer-based models,Journal of Cleaner Production,논문,2.51,11.0,14,14.0,5.5777,2.52,14.0558,1,Lee H.; Jung H.S.,제1·교신,제1·교신 겸직,원문 분석(정답지),소프트웨어융합대학,글로벌융합학부,S1
2025,6,2-s2.0-85209249224,10.1016/j.ejmech.2024.117047,"Structure–activity relationship studies of Imidazo[1′,2′:1,6]pyrido[2,3-d]pyrimidine derivatives to develop selective FGFR inhibitors as anticancer agents for FGF19-overexpressed hepatocellular carcinoma",European Journal of Medicinal Chemistry,논문,2.51,11.0,9,9.0,3.5857,2.52,9.0359,1,Kim J.; Park H.J.,제1·교신,제1·교신 겸직,원문 분석(정답지),약학대학,약학과,S1
2025,7,2-s2.0-105003953798,10.1016/j.soncn.2025.151848,Different Level and Difficulties with Financial Burden in Multiple Myeloma Patients and Caregivers: A Dyadic Qualitative Study,Seminars in Oncology Nursing,논문,2.51,11.0,6,6.0,2.3904,2.52,6.0239,1,Park Y.J.; Kim S.J.,제1·교신,제1·교신 겸직,원문 분석(정답지),삼성융합의과학원,삼성융합의과학원,S1
2025,8,2-s2.0-85217862497,10.55633/s3me/108.2024,Scale to predict risk for refractory septic shock based on a hybrid approach using machine learning and regression modeling,Emergencias,논문,2.51,11.0,4,4.0,1.5936,2.52,4.0159,1,Heo S.; Lee G.T.; Shin T.G.,제1·교신,제1·교신 겸직,원문 분석(정답지),의과대학,의학과,S1
2025,9,2-s2.0-85196170402,10.1002/aenm.202401965,Carbazole Treated Waterproof Perovskite Films with Improved Solar Cell Performance,Advanced Energy Materials,논문,2.5,11.0,21,21.0,8.4,2.52,21.168,1,Jeong J.; Grätzel M.,제1·교신,제1·교신 겸직,원문 분석(정답지),성균융합원,에너지학과,S1
2025,10,2-s2.0-85215584229,10.1016/j.ensm.2025.104040,Zeolitic imidazolate framework-derived bifunctional CoO-Mn3O4 heterostructure cathode enhancing oxygen reduction/evolution via dynamic O-vacancy formation and healing for high-performance Zn-air batteries,Energy Storage Materials,논문,2.5,11.0,17,16.0,6.8,2.52,17.136,1,Jeong H.M.,교신,교신저자,원문 분석(정답지),공과대학,기계공학부,S1
2025,11,2-s2.0-105010930837,10.1016/j.jcis.2025.138481,Magnetic separation assisted NiTiO3/CdIn2S4 Z-scheme heterojunction photoelectrochemical aptasensor for zearalenone detection,Journal of Colloid and Interface Science,논문,2.5,11.0,16,16.0,6.4,2.52,16.128,1,Wei Q.,교신,교신저자,원문 분석(정답지),자연과학대학,화학과,S1
2025,12,2-s2.0-85209350249,10.1016/j.nanoen.2024.110480,Suction-forced triboelectricity escalation by incorporating biomimetic 3-dimensional surface architectures,Nano Energy,논문,2.5,11.0,15,15.0,6.0,2.52,15.12,1,Son J.; Pang C.,제1·교신,제1·교신 겸직,원문 분석(정답지),공과대학,화학공학부,S1
2025,13,2-s2.0-85215429351,10.1016/j.conbuildmat.2024.139732,Internal carbonation of calcium silicate cement incorporated with Na2CO3 and NaHCO3,Construction and Building Materials,논문,2.5,11.0,14,14.0,5.6,2.52,14.112,1,Park S.,교신,교신저자,원문 분석(정답지),공과대학,건설환경공학부,S1
2025,14,2-s2.0-85214783576,10.1016/j.ymgmr.2025.101189,Long-term outcomes of enzyme replacement therapy from a large cohort of Korean patients with mucopolysaccharidosis IVA (Morquio A syndrome),Molecular Genetics and Metabolism Reports,논문,2.5,11.0,10,10.0,4.0,2.52,10.08,1,Sung J.; Cho S.Y.,제1·교신,제1·교신 겸직,원문 분석(정답지),의과대학,의학과,S2
2025,15,2-s2.0-105017196040,10.4324/9781032641300-16,SPORTING EVENTS AND CRIME: A Meta-Analysis,Routledge Handbook of Sport Security,단행본 장,2.49,11.0,1,1.0,0.4016,2.52,1.012,1,Son M.,제1,제1저자,메타데이터 규칙,스포츠과학대학,스포츠과학과,S1
2025,16,2-s2.0-85200493186,10.1002/eem2.12817,Chloride-Ion Blocking in Seawater Electrolysis: Narrating the Tale of Likes and Dislikes Between Anode and Ions,Energy and Environmental Materials,리뷰,2.48,11.0,36,34.0,14.5161,2.52,36.5806,1,Gaur A.; Han H.S.,제1·교신,제1·교신 겸직,원문 분석(정답지),대학 미상(rims 연결),신개념융복합에너지과학연구소,S1
2025,17,2-s2.0-105025366314,10.1038/s41928-025-01515-x,An 18-g haptic feedback ring with a three-axis force-sensing skin,Nature Electronics,논문,2.48,11.0,12,11.0,4.8387,2.52,12.1935,1,Kang S.; Kim S.,제1·교신,제1·교신 겸직,원문 분석(정답지),공과대학,신소재공학부,S1
2025,18,2-s2.0-85212771744,10.1109/tmag.2024.3518457,Performance Improvement of Wound Field Synchronous Motor for EV Propulsion Applying Grain-Oriented Electrical Steel,IEEE Transactions on Magnetics,논문,2.48,11.0,12,12.0,4.8387,2.52,12.1935,1,Oh H.J.; Jung S.Y.,제1·교신,제1·교신 겸직,메타데이터 규칙,정보통신대학,전자전기공학부,S1
2025,19,2-s2.0-105016320156,10.1109/itc-cscc66376.2025.11137647,Real-Time Autonomous Driving in High-Illumination Conditions Using Kalman Filter,2025 International Technical Conference on Circuits Systems Computers and Communications Itc Cscc 2025,학술대회,2.48,11.0,2,2.0,0.8065,2.52,2.0323,1,Sim H.J.; Jeon J.W.,제1·교신,제1·교신 겸직,메타데이터 규칙,정보통신대학,반도체시스템공학과,S1
2025,20,2-s2.0-105016326150,10.1109/itc-cscc66376.2025.11137663,FPGA-Based Low Power Autonomous Driving System Using Accelerated Hough Transform,2025 International Technical Conference on Circuits Systems Computers and Communications Itc Cscc 2025,학술대회,2.48,11.0,2,2.0,0.8065,2.52,2.0323,1,Choi M.K.,제1·교신,제1·교신 겸직,메타데이터 규칙,정보통신대학,반도체시스템공학과,S1
2025,21,2-s2.0-105016389261,10.1109/itc-cscc66376.2025.11137739,Deep Learning-Based Autonomous Vehicle on SoC,2025 International Technical Conference on Circuits Systems Computers and Communications Itc Cscc 2025,학술대회,2.48,11.0,2,2.0,0.8065,2.52,2.0323,1,Hwang G.H.; Wook Jeon J.,제1·교신,제1·교신 겸직,메타데이터 규칙,정보통신대학,반도체시스템공학과,S1
2025,22,2-s2.0-85211209049,10.1016/j.biomaterials.2024.122997,Mesoporous polydopamine nanoparticle-based tolerogenic vaccine induces antigen-specific immune tolerance to prevent and treat autoimmune multiple sclerosis,Biomaterials,논문,2.47,11.0,13,13.0,5.2632,2.52,13.2632,1,Phan N.M.; Kim J.,제1·교신,제1·교신 겸직,원문 분석(정답지),공과대학,화학공학부,S1
2025,23,2-s2.0-105010947471,10.4070/kcj.2024.0213,Prognostic Implication of Left Ventricular Global Longitudinal Strain in Patients With Hypertrophic Cardiomyopathy and Coexisting Hypertension,Korean Circulation Journal,논문,2.47,11.0,8,8.0,3.2389,2.52,8.1619,1,Kim J.; Lee S.C.,공동제1·교신,제1·교신 겸직,원문 분석(정답지),의과대학,의학과,S2
2025,24,2-s2.0-105001170300,10.3390/jcm14061918,Segment-Specific Analysis of Carotid Intima-Media Thickness and Its Association with Cardiovascular Risk Factors in a Large Healthy Cohort,Journal of Clinical Medicine,논문,2.47,11.0,6,6.0,2.4291,2.52,6.1215,1,Choi H.I.,제1·교신,제1·교신 겸직,원문 분석(정답지),의과대학,의학과,S2
2025,25,2-s2.0-85215805907,10.3390/medicina61010108,Oxidative Stress and Risk of Dementia in Older Patients with Depression: A Longitudinal Cohort Study Using Plasma Biomarkers,Medicina Lithuania,논문,2.47,11.0,6,6.0,2.4291,2.52,6.1215,1,Jang Y.J.; Lim S.W.; Kim D.K.,제1·교신,제1·교신 겸직,원문 분석(정답지),삼성융합의과학원,삼성융합의과학원,S1
2025,26,2-s2.0-105002558441,10.1080/01942638.2025.2482257,Home-Based Telerehabilitation to Prevent Post-Modified Constraint-Induced Movement Therapy Regression in Unilateral Cerebral Palsy: A Randomized Controlled Trial,Physical and Occupational Therapy in Pediatrics,논문,2.47,11.0,5,4.0,2.0243,2.52,5.1012,1,Hwang Y.; Kwon J.Y.,제1·교신,제1·교신 겸직,메타데이터 규칙,의과대학,의과대학,S1
2025,27,2-s2.0-105022979034,10.1117/12.3060050,Synthesis and optical characterization of high-quantum yield UV-emitting MXene quantum dots,Proceedings of SPIE the International Society for Optical Engineering,학술대회,2.47,11.0,1,1.0,0.4049,2.52,1.0202,1,Sharbirin A.S.; Kim J.,제1·교신,제1·교신 겸직,메타데이터 규칙,성균융합원,에너지학과,S1
2025,28,2-s2.0-105004567341,10.1016/j.cej.2025.163531,Tuning the catalytic microenvironment by incorporating P atoms into Co9S8 with enhanced water splitting catalytic activity,Chemical Engineering Journal,논문,2.45,11.0,16,15.0,6.5306,2.52,16.4571,1,Kang D.J.,교신,교신저자,원문 분석(정답지),자연과학대학,물리학과,S1
2025,29,2-s2.0-85212980457,10.1016/j.cej.2024.158823,Upgrading polyethylene plastic waste into a biodegradable polymer: Harnessing a hybrid chemical oxidation–biological conversion approach,Chemical Engineering Journal,논문,2.45,11.0,16,15.0,6.5306,2.52,16.4571,1,Yoo C.J.,교신,교신저자,원문 분석(정답지),공과대학,화학공학부,S1
2025,30,2-s2.0-105008815918,10.1002/aisy.202500311,Exploring the Influence of Applied Potential and Catalyst Morphology on the Selectivities of Copper Toward Carbon Dioxide Electroreduction Using Machine Learning,Advanced Intelligent Systems,논문,2.45,11.0,14,12.0,5.7143,2.52,14.4,1,Yao C.; Kim T.,제1·교신,제1·교신 겸직,원문 분석(정답지),공과대학,기계공학부,S1
2025,31,2-s2.0-85216316475,10.1002/smll.202411800,High-Density CuBi2O4 Photocathodes Using Well-Textured Buffer Layers and Their Unassisted Solar Hydrogen Production Performances,Small,논문,2.45,11.0,13,13.0,5.3061,2.52,13.3714,1,Choi J.H.; Cho H.K.,제1·교신,제1·교신 겸직,원문 분석(정답지),공과대학,신소재공학부,S1
2025,32,2-s2.0-105003773337,10.1016/j.devcel.2024.12.024,Age-associated interplay between zinc deficiency and Golgi stress hinders microtubule-dependent cellular signaling and epigenetic control,Developmental Cell,논문,2.45,11.0,10,10.0,4.0816,2.52,10.2857,1,Brito S.; Weon B.M.,제1·교신,제1·교신 겸직,원문 분석(정답지),공과대학,신소재공학부,S1
2025,33,2-s2.0-105010228662,10.1016/j.ejca.2025.115631,Prospective investigation of biomarker and resistance mechanism using longitudinal cell-free NGS in non-small cell lung cancer with EGFR exon 20 insertion treated with amivantamab,European Journal of Cancer,논문,2.45,11.0,9,9.0,3.6735,2.52,9.2571,1,Park G.H.; Park S.; Lee S.H.,제1·공동제1·교신,제1·교신 겸직,원문 분석(정답지),의과대학,의학과,S1
2025,34,2-s2.0-85206819370,10.1111/pcn.13757,AST-001 versus placebo for social communication in children with autism spectrum disorder: A randomized clinical trial,Psychiatry and Clinical Neurosciences,논문,2.45,11.0,8,8.0,3.2653,2.52,8.2286,1,Joung Y.S.,교신,교신저자,원문 분석(정답지),의과대학,의학과,S2
2025,35,2-s2.0-85209173758,10.1007/s40259-024-00689-8,Effect of Biological Therapy for Psoriasis on the Development of Psoriatic Arthritis: A Population-Based Cohort Study,Biodrugs,논문,2.45,11.0,8,8.0,3.2653,2.52,8.2286,1,Cho Y.; Shin J.Y.,제1·교신,제1·교신 겸직,메타데이터 규칙,약학대학,약학과,S1
2025,36,2-s2.0-105007337733,10.7475/kjan.2025.0403,Legislation of Medical Support Tasks in the Nursing Act as a Foundation for Nursing Professionalism and Role Expansion,Korean Journal of Adult Nursing,논문,2.45,11.0,6,6.0,2.449,2.52,6.1714,1,Choi S.J.,제1·교신,제1·교신 겸직,원문 분석(정답지),의과대학,의학과,S1
2025,37,2-s2.0-85218148494,10.1109/imcom64595.2025.10857575,Integrating Temporal Analysis with Hybrid Machine Learning and Deep Learning Models for Enhanced Air Quality Prediction,Proceedings of the 2025 19th International Conference on Ubiquitous Information Management and Communication Imcom 2025,학술대회,2.45,11.0,2,2.0,0.8163,2.52,2.0571,1,Omer M.; Choo H.,제1·교신,제1·교신 겸직,메타데이터 규칙,두뇌한국21사업단,지속가능ICT미래인재교육연구단,S1
2025,38,2-s2.0-85218158990,10.1109/imcom64595.2025.10857488,Ultrasound Standard Liver Section Classification Independent of Imaging Device,Proceedings of the 2025 19th International Conference on Ubiquitous Information Management and Communication Imcom 2025,학술대회,2.45,11.0,2,2.0,0.8163,2.52,2.0571,1,Cho J.; Lee S.,제1·교신,제1·교신 겸직,메타데이터 규칙,정보통신대학,전자전기공학부,S1
2025,39,2-s2.0-86000589598,10.1108/ijbm-02-2024-0105,Service quality in mobile banking,International Journal of Bank Marketing,리뷰,2.44,11.0,18,18.0,7.377,2.52,18.5902,1,Lim W.M.,교신,교신저자,메타데이터 규칙,성균글로벌리서치센터,성균글로벌리서치센터,S1
2025,40,2-s2.0-105005100521,10.1186/s12933-025-02747-z,Use of an insulin titration protocol based on continuous glucose monitoring in postoperative cardiac surgery patients with type 2 diabetes and prediabetes: a randomized controlled trial,Cardiovascular Diabetology,논문,2.44,11.0,8,8.0,3.2787,2.52,8.2623,1,Moon S.J.; Kim M.S.; Chung E.S.; Park C.Y.,제1·공동제1·교신,제1·교신 겸직,원문 분석(정답지),의과대학,의학과,S2
2025,41,2-s2.0-85203178384,10.1097/brs.0000000000005151,Different Risk Factors Between Bony and Ligamentous Proximal Junctional Failure in Patients Undergoing Thoracolumbar Fusion to Pelvis for Adult Spinal Deformity,Spine,논문,2.44,11.0,7,6.0,2.8689,2.52,7.2295,1,Park S.J.,제1·교신,제1·교신 겸직,메타데이터 규칙,의과대학,의학과,S2
2025,42,2-s2.0-85203197234,10.1097/brs.0000000000005144,Validation of Sagittal Age-adjusted Score in Predicting Proximal Junctional Kyphosis/Failure and Clinical Outcomes Following Adult Spinal Deformity Surgery,Spine,논문,2.44,11.0,6,6.0,2.459,2.52,6.1967,1,Park S.J.,제1·교신,제1·교신 겸직,메타데이터 규칙,의과대학,의학과,S2
2025,43,2-s2.0-105024070638,10.1145/3746027.3755707,SpecXNet: A Dual-Domain Convolutional Network for Robust Deepfake Detection,Mm 2025 Proceedings of the 33rd ACM International Conference on Multimedia Co Located with mm 2025,학술대회,2.44,11.0,4,4.0,1.6393,2.52,4.1311,1,Alam I.; Woo S.S.,제1·교신,제1·교신 겸직,원문 분석(정답지),소프트웨어융합대학,소프트웨어학과,S1
2025,44,2-s2.0-85215108371,10.1016/j.carbon.2025.119998,Reduced graphene oxide composite fiber with hierarchical pores for all-solid-state fiber supercapacitors,Carbon,논문,2.43,11.0,17,16.0,6.9959,2.52,17.6296,1,Oh S.,제1,제1저자,원문 분석(정답지),성균융합원,에너지학과,S1
2025,45,2-s2.0-105012854184,10.1038/s41467-025-62747-1,"Light in, sound keys out: photoacoustic PUFs from stochastic nanocomposites",Nature Communications,논문,2.43,11.0,14,14.0,5.7613,2.52,14.5185,1,Kim J.; Park B.,공동제1·교신,제1·교신 겸직,원문 분석(정답지),일반대학원,생명물리학과,S1
2025,46,2-s2.0-105006648122,10.1016/j.eiar.2025.107974,Harnessing market mechanisms for greenhouse gas reduction: A comprehensive review,Environmental Impact Assessment Review,논문,2.43,11.0,9,9.0,3.7037,2.52,9.3333,1,You W.; Ryu D.,제1·교신,제1·교신 겸직,원문 분석(정답지),경제대학,경제학과,S1
2025,47,2-s2.0-85210482832,10.1002/epi4.13104,Efficacy and safety of everolimus for patients with focal cortical dysplasia type 2,Epilepsia Open,논문,2.43,11.0,8,7.0,3.2922,2.52,8.2963,1,Kim H.D.,교신,교신저자,원문 분석(정답지),의과대학,의과대학,S2
2025,48,2-s2.0-85211721219,10.1016/j.taap.2024.117186,Toxic effects of dibutyl phthalate on trophoblast through mitochondria mediated cellular dysfunction,Toxicology and Applied Pharmacology,논문,2.43,11.0,8,8.0,3.2922,2.52,8.2963,1,Jang H.; Lim W.,제1·교신,제1·교신 겸직,원문 분석(정답지),자연과학대학,생명과학과,S1
2025,49,2-s2.0-105018218057,10.1109/emcsipi52291.2025.11169893,Co-Optimization of Floorplanning and Decap Placement for TI and PI Based on Machine Learning,IEEE International Symposium on Electromagnetic Compatibility,학술대회,2.43,11.0,1,1.0,0.4115,2.52,1.037,1,Hwang J.,제1,제1저자,메타데이터 규칙,정보통신대학,반도체시스템공학과,S1
2025,50,2-s2.0-105017564891,10.1007/s42114-025-01479-8,Autonomous self-healing and stretchable triboelectric nanogenerator with hybrid double-network elastomer for self-powered multifunctional electronics,Advanced Composites and Hybrid Materials,논문,2.42,11.0,12,12.0,4.9587,2.52,12.4959,1,Lee J.,교신,교신저자,원문 분석(정답지),정보통신대학,전자전기공학부,S1
