group,core15,category,track,category_name,window,n_pubmed,share_kr_pct,activity_index,growth_pct_2125_vs_1620,n_dump_K,n_dump_T,world_share_permille_K,fwci_mean_K,fwci_mean_T,fwci_ge2_pct_K
서울대,Y,M1,M,알츠하이머·신경퇴행질환 질병조절 치료,2021-2025,726,17.7636,1.0936,44.6215,456,863,3.753,2.2608,1.9944,31.0573
서울대,Y,M2,M,난치암 근본치료 (췌장암·교모세포종·담도암·소세포폐암),2021-2025,1173,24.8096,1.5274,16.8327,818,766,8.0876,3.6564,1.949,29.7066
서울대,Y,M3,M,암 조기발견 (다중암 조기검출·액체생검),2021-2025,309,23.5339,1.4488,48.5577,106,151,3.7338,3.5231,1.9461,29.8077
서울대,Y,M4,M,중추신경 손상 회복 (척수손상·신경재생·뇌-기계 인터페이스),2021-2025,33,13.6929,0.843,-23.2558,5,235,1.3808,1.7482,1.9883,40.0
서울대,Y,M5,M,중증 정신질환 정밀치료 (치료저항성 우울증·조현병·자살),2021-2025,113,21.4421,1.3201,32.9412,177,146,2.3941,2.0384,2.53,30.5085
서울대,Y,M6,M,팬데믹 대비 범용 백신·신속 대응 플랫폼,2021-2025,118,17.1014,1.0528,1375.0,10,142,1.8312,2.6251,1.5777,30.0
서울대,Y,M7,M,항생제 내성 극복 (신규 항균제·대체요법),2021-2025,176,11.3695,0.7,1.7341,86,247,1.9029,1.6931,1.7043,34.5238
서울대,Y,M8,M,생체 내 유전자치료·유전자편집,2021-2025,386,15.6275,0.9621,-1.7812,136,292,3.2197,2.2608,1.8978,36.2963
서울대,Y,M9,M,"세포치료 플랫폼 (고형암·자가면역 CAR-T, iPSC 유래 치료)",2021-2025,102,18.3124,1.1274,112.5,84,453,3.329,1.8563,2.1686,21.4286
서울대,Y,M10,M,장기 재생·이종장기·인공장기,2021-2025,171,19.3439,1.1909,-24.3363,13,736,4.9057,2.1587,1.7692,30.7692
서울대,Y,M11,M,노쇠·노화 중재 (geroscience),2021-2025,262,13.6601,0.841,65.8228,145,238,4.2454,2.0387,2.3036,31.9444
서울대,Y,R1,R,희귀질환 분야 수준 (R-1: 정책·진단체계·유전체 진단·희귀의약품),2021-2025,208,20.3722,1.2542,5.5838,15,341,1.9852,4.2003,3.8325,40.0
서울대,Y,RG1,R,신경계 희귀질환,2021-2025,86,23.3696,1.4387,0.0,12,,2.2075,0.5132,,0.0
서울대,Y,RG2,R,신경발달·뇌전증뇌병증,2021-2025,14,13.5922,0.8368,-17.6471,5,,1.3721,1.2017,,40.0
서울대,Y,RG3,R,신경근육,2021-2025,53,20.0,1.2313,26.1905,22,,1.8037,1.0452,,18.1818
서울대,Y,RG4,R,대사·리소좀축적병,2021-2025,102,21.2944,1.311,8.5106,3,,0.4659,1.0484,,33.3333
서울대,Y,RG5,R,미토콘드리아,2021-2025,28,24.3478,1.4989,55.5556,2,,1.4055,0.0407,,0.0
서울대,Y,RG6,R,혈액·응고,2021-2025,28,18.9189,1.1647,3.7037,11,,0.5175,2.5009,,36.3636
서울대,Y,RG7,R,면역·전신류마티스,2021-2025,98,18.0147,1.1091,6.5217,2,,0.6024,0.7917,,0.0
서울대,Y,RG8,R,안과,2021-2025,56,41.791,2.5728,211.1111,17,,7.1639,0.962,,17.6471
서울대,Y,RG9,R,피부·결합조직·골격,2021-2025,20,26.3158,1.6201,25.0,12,,2.0747,1.0647,,16.6667
서울대,Y,RG10,R,신장·비뇨기,2021-2025,71,54.6154,3.3623,20.339,29,,9.5678,4.7073,,17.2414
서울대,Y,RG11,R,내분비·성장·염색체,2021-2025,20,27.3973,1.6867,100.0,10,,3.1686,0.9026,,10.0
서울대,Y,RG12,R,심장·순환기,2021-2025,84,31.2268,1.9224,90.9091,35,,3.0949,2.3104,,31.4286
서울대,Y,RG13,R,희귀암·소아암,2021-2025,84,14.8148,0.9121,-18.4466,34,,1.9507,0.6178,,0.0
서울대,Y,RG14,R,미진단·극희귀,2021-2025,9,25.7143,1.5831,12.5,1,,2.2173,0.0,,0.0
서울대,Y,RG15,R,이비인후과,2021-2025,85,22.7273,1.3992,-7.6087,13,,5.0505,1.7958,,30.7692
서울대,Y,RG16,R,간·소화기,2021-2025,13,13.4021,0.8251,-18.75,7,,3.1348,2.3012,,42.8571
서울대,Y,RG17,R,호흡기,2021-2025,17,15.0442,0.9262,-26.087,3,,0.2217,1.9065,,33.3333
서울대,Y,P3,P,RNA·올리고뉴클레오타이드 치료 (희귀질환 교차 플랫폼),2021-2025,144,11.6411,0.7167,-56.4955,9,,1.7585,4.4343,,66.6667
서울대,Y,P4,P,효소대체요법·분자표적 정밀치료 (희귀질환 고유),2021-2025,6,13.9535,0.859,-14.2857,3,,3.6541,2.0729,,33.3333
서울대,Y,P5,P,유전체 진단·신생아선별검사 (희귀질환 고유),2021-2025,354,23.9351,1.4735,3.5088,46,,4.2248,1.2592,,13.0435
연세대,Y,M1,M,알츠하이머·신경퇴행질환 질병조절 치료,2021-2025,406,9.9339,0.8673,41.958,283,533,2.3292,2.4255,1.8208,33.3333
연세대,Y,M2,M,난치암 근본치료 (췌장암·교모세포종·담도암·소세포폐암),2021-2025,909,19.2259,1.6785,33.8733,518,431,5.1215,2.327,1.4174,27.7132
연세대,Y,M3,M,암 조기발견 (다중암 조기검출·액체생검),2021-2025,260,19.802,1.7288,52.9412,89,71,3.135,1.4059,1.9763,16.8539
연세대,Y,M4,M,중추신경 손상 회복 (척수손상·신경재생·뇌-기계 인터페이스),2021-2025,23,9.5436,0.8332,-20.6897,7,186,1.9332,1.392,2.1084,14.2857
연세대,Y,M5,M,중증 정신질환 정밀치료 (치료저항성 우울증·조현병·자살),2021-2025,43,8.1594,0.7124,65.3846,148,53,2.0018,2.49,4.9644,27.2109
연세대,Y,M6,M,팬데믹 대비 범용 백신·신속 대응 플랫폼,2021-2025,78,11.3043,0.9869,387.5,5,94,0.9156,0.3922,1.8936,0.0
연세대,Y,M7,M,항생제 내성 극복 (신규 항균제·대체요법),2021-2025,143,9.2377,0.8065,-0.6944,44,138,0.9736,1.8907,1.2025,20.4545
연세대,Y,M8,M,생체 내 유전자치료·유전자편집,2021-2025,342,13.8462,1.2089,-1.7241,72,88,1.7045,3.1038,2.3273,45.0704
연세대,Y,M9,M,"세포치료 플랫폼 (고형암·자가면역 CAR-T, iPSC 유래 치료)",2021-2025,78,14.0036,1.2226,129.4118,55,168,2.1797,0.9824,1.4961,12.7273
연세대,Y,M10,M,장기 재생·이종장기·인공장기,2021-2025,128,14.4796,1.2642,34.7368,5,447,1.8868,0.9908,1.6075,20.0
연세대,Y,M11,M,노쇠·노화 중재 (geroscience),2021-2025,240,12.513,1.0925,163.7363,153,176,4.4796,1.6836,1.6838,28.2895
연세대,Y,R1,R,희귀질환 분야 수준 (R-1: 정책·진단체계·유전체 진단·희귀의약품),2021-2025,136,13.3203,1.1629,14.2857,5,201,0.6617,9.8496,1.3753,40.0
연세대,Y,RG1,R,신경계 희귀질환,2021-2025,55,14.9457,1.3049,57.1429,4,,0.7358,0.0,,0.0
연세대,Y,RG2,R,신경발달·뇌전증뇌병증,2021-2025,29,28.1553,2.4581,20.8333,6,,1.6465,0.3631,,0.0
연세대,Y,RG3,R,신경근육,2021-2025,53,20.0,1.7461,0.0,34,,2.7876,0.8027,,11.7647
연세대,Y,RG4,R,대사·리소좀축적병,2021-2025,77,16.0752,1.4035,40.0,14,,2.1743,1.7577,,14.2857
연세대,Y,RG5,R,미토콘드리아,2021-2025,26,22.6087,1.9739,-13.3333,12,,8.4329,0.3522,,0.0
연세대,Y,RG6,R,혈액·응고,2021-2025,25,16.8919,1.4748,78.5714,9,,0.4234,1.0965,,22.2222
연세대,Y,RG7,R,면역·전신류마티스,2021-2025,165,30.3309,2.6481,3.125,2,,0.6024,1.0526,,50.0
연세대,Y,RG8,R,안과,2021-2025,24,17.9104,1.5637,200.0,3,,1.2642,0.8078,,0.0
연세대,Y,RG9,R,피부·결합조직·골격,2021-2025,15,19.7368,1.7232,36.3636,5,,0.8645,1.9774,,40.0
연세대,Y,RG10,R,신장·비뇨기,2021-2025,17,13.0769,1.1417,-46.875,2,,0.6598,2.6138,,50.0
연세대,Y,RG11,R,내분비·성장·염색체,2021-2025,13,17.8082,1.5548,85.7143,5,,1.5843,0.5657,,0.0
연세대,Y,RG12,R,심장·순환기,2021-2025,67,24.9071,2.1745,97.0588,16,,1.4148,1.402,,31.25
연세대,Y,RG13,R,희귀암·소아암,2021-2025,37,6.5256,0.5697,-33.9286,13,,0.7458,1.024,,25.0
연세대,Y,RG14,R,미진단·극희귀,2021-2025,4,11.4286,0.9978,300.0,0,,0.0,,,
연세대,Y,RG15,R,이비인후과,2021-2025,62,16.5775,1.4473,5.0847,12,,4.662,0.6,,0.0
연세대,Y,RG16,R,간·소화기,2021-2025,27,27.8351,2.4302,3.8462,6,,2.687,0.9262,,16.6667
연세대,Y,RG17,R,호흡기,2021-2025,24,21.2389,1.8543,-11.1111,5,,0.3694,1.0975,,0.0
연세대,Y,P3,P,RNA·올리고뉴클레오타이드 치료 (희귀질환 교차 플랫폼),2021-2025,103,8.3266,0.727,-58.4677,10,,1.9539,4.5136,,50.0
연세대,Y,P4,P,효소대체요법·분자표적 정밀치료 (희귀질환 고유),2021-2025,6,13.9535,1.2182,-25.0,2,,2.4361,0.0,,0.0
연세대,Y,P5,P,유전체 진단·신생아선별검사 (희귀질환 고유),2021-2025,174,11.7647,1.0271,52.6316,24,,2.2043,1.4295,,20.8333
성균관대,Y,M1,M,알츠하이머·신경퇴행질환 질병조절 치료,2021-2025,397,9.7137,1.116,44.8905,145,329,1.1934,2.4147,1.8241,29.6552
성균관대,Y,M2,M,난치암 근본치료 (췌장암·교모세포종·담도암·소세포폐암),2021-2025,889,18.8029,2.1603,15.3048,498,289,4.9237,4.0674,1.2181,29.3763
성균관대,Y,M3,M,암 조기발견 (다중암 조기검출·액체생검),2021-2025,245,18.6596,2.1439,28.2723,76,75,2.6771,2.297,1.7037,28.9474
성균관대,Y,M4,M,중추신경 손상 회복 (척수손상·신경재생·뇌-기계 인터페이스),2021-2025,17,7.0539,0.8104,21.4286,4,120,1.1047,1.9882,2.6101,75.0
성균관대,Y,M5,M,중증 정신질환 정밀치료 (치료저항성 우울증·조현병·자살),2021-2025,64,12.1442,1.3953,72.973,99,55,1.3391,6.5399,1.2441,23.9583
성균관대,Y,M6,M,팬데믹 대비 범용 백신·신속 대응 플랫폼,2021-2025,83,12.029,1.382,4050.0,1,62,0.1831,1.0824,2.6965,0.0
성균관대,Y,M7,M,항생제 내성 극복 (신규 항균제·대체요법),2021-2025,135,8.7209,1.002,-9.396,28,133,0.6196,1.288,1.4229,17.8571
성균관대,Y,M8,M,생체 내 유전자치료·유전자편집,2021-2025,201,8.1377,0.935,5.2356,43,57,1.018,2.9626,1.7872,37.2093
성균관대,Y,M9,M,"세포치료 플랫폼 (고형암·자가면역 CAR-T, iPSC 유래 치료)",2021-2025,65,11.6697,1.3408,282.3529,43,209,1.7041,1.5906,2.5109,23.2558
성균관대,Y,M10,M,장기 재생·이종장기·인공장기,2021-2025,110,12.4434,1.4297,50.6849,14,375,5.283,3.7854,1.3367,28.5714
성균관대,Y,M11,M,노쇠·노화 중재 (geroscience),2021-2025,121,6.3087,0.7248,98.3607,40,70,1.1711,1.4556,2.003,20.5128
성균관대,Y,R1,R,희귀질환 분야 수준 (R-1: 정책·진단체계·유전체 진단·희귀의약품),2021-2025,125,12.2429,1.4066,32.9787,2,133,0.2647,0.201,4.7306,0.0
성균관대,Y,RG1,R,신경계 희귀질환,2021-2025,59,16.0326,1.842,25.5319,8,,1.4717,0.6571,,12.5
성균관대,Y,RG2,R,신경발달·뇌전증뇌병증,2021-2025,6,5.8252,0.6693,0.0,3,,0.8233,0.5373,,0.0
성균관대,Y,RG3,R,신경근육,2021-2025,29,10.9434,1.2573,26.087,10,,0.8199,1.4895,,10.0
성균관대,Y,RG4,R,대사·리소좀축적병,2021-2025,55,11.4823,1.3192,37.5,7,,1.0871,0.8384,,14.2857
성균관대,Y,RG5,R,미토콘드리아,2021-2025,10,8.6957,0.9991,66.6667,0,,0.0,,,
성균관대,Y,RG6,R,혈액·응고,2021-2025,16,10.8108,1.2421,-15.7895,9,,0.4234,1.0442,,22.2222
성균관대,Y,RG7,R,면역·전신류마티스,2021-2025,52,9.5588,1.0982,13.0435,2,,0.6024,0.6457,,0.0
성균관대,Y,RG8,R,안과,2021-2025,19,14.1791,1.6291,850.0,5,,2.107,0.6906,,20.0
성균관대,Y,RG9,R,피부·결합조직·골격,2021-2025,10,13.1579,1.5117,0.0,5,,0.8645,0.5474,,0.0
성균관대,Y,RG10,R,신장·비뇨기,2021-2025,14,10.7692,1.2373,-26.3158,2,,0.6598,0.0,,0.0
성균관대,Y,RG11,R,내분비·성장·염색체,2021-2025,15,20.5479,2.3608,150.0,7,,2.218,1.7388,,28.5714
성균관대,Y,RG12,R,심장·순환기,2021-2025,43,15.9851,1.8366,22.8571,17,,1.5032,1.7096,,5.8824
성균관대,Y,RG13,R,희귀암·소아암,2021-2025,49,8.642,0.9929,-36.3636,15,,0.8606,0.6346,,0.0
성균관대,Y,RG14,R,미진단·극희귀,2021-2025,4,11.4286,1.3131,,0,,0.0,,,
성균관대,Y,RG15,R,이비인후과,2021-2025,25,6.6845,0.768,-44.4444,5,,1.9425,1.0361,,0.0
성균관대,Y,RG16,R,간·소화기,2021-2025,14,14.433,1.6582,40.0,3,,1.3435,0.6107,,0.0
성균관대,Y,RG17,R,호흡기,2021-2025,17,15.0442,1.7285,30.7692,4,,0.2956,1.8992,,25.0
성균관대,Y,P3,P,RNA·올리고뉴클레오타이드 치료 (희귀질환 교차 플랫폼),2021-2025,86,6.9523,0.7988,-51.1364,6,,1.1723,2.362,,50.0
성균관대,Y,P4,P,효소대체요법·분자표적 정밀치료 (희귀질환 고유),2021-2025,9,20.9302,2.4047,50.0,2,,2.4361,1.0846,,0.0
성균관대,Y,P5,P,유전체 진단·신생아선별검사 (희귀질환 고유),2021-2025,198,13.3874,1.5381,13.7931,20,,1.8369,1.2986,,20.0
가톨릭대,Y,M1,M,알츠하이머·신경퇴행질환 질병조절 치료,2021-2025,187,4.5755,0.8495,105.4945,164,304,1.3498,1.7338,1.2779,22.561
가톨릭대,Y,M2,M,난치암 근본치료 (췌장암·교모세포종·담도암·소세포폐암),2021-2025,443,9.3697,1.7397,49.6622,283,235,2.798,3.7683,2.0671,25.7951
가톨릭대,Y,M3,M,암 조기발견 (다중암 조기검출·액체생검),2021-2025,134,10.2056,1.8949,48.8889,57,99,2.0078,3.158,1.5344,33.3333
가톨릭대,Y,M4,M,중추신경 손상 회복 (척수손상·신경재생·뇌-기계 인터페이스),2021-2025,9,3.7344,0.6934,12.5,6,98,1.657,4.0077,1.7665,33.3333
가톨릭대,Y,M5,M,중증 정신질환 정밀치료 (치료저항성 우울증·조현병·자살),2021-2025,18,3.4156,0.6342,-41.9355,128,106,1.7313,1.5519,0.9263,24.2188
가톨릭대,Y,M6,M,팬데믹 대비 범용 백신·신속 대응 플랫폼,2021-2025,63,9.1304,1.6953,1475.0,19,79,3.4792,2.3483,1.5877,47.3684
가톨릭대,Y,M7,M,항생제 내성 극복 (신규 항균제·대체요법),2021-2025,64,4.1344,0.7676,6.6667,30,72,0.6638,1.5348,1.1739,20.0
가톨릭대,Y,M8,M,생체 내 유전자치료·유전자편집,2021-2025,106,4.2915,0.7968,-2.7523,48,56,1.1364,2.2645,1.0949,39.5833
가톨릭대,Y,M9,M,"세포치료 플랫폼 (고형암·자가면역 CAR-T, iPSC 유래 치료)",2021-2025,71,12.7469,2.3667,153.5714,53,251,2.1004,1.5275,2.0293,24.5283
가톨릭대,Y,M10,M,장기 재생·이종장기·인공장기,2021-2025,50,5.6561,1.0502,6.383,7,333,2.6415,7.4062,1.5238,57.1429
가톨릭대,Y,M11,M,노쇠·노화 중재 (geroscience),2021-2025,83,4.3274,0.8035,93.0233,57,72,1.6689,1.6652,1.7637,33.3333
가톨릭대,Y,R1,R,희귀질환 분야 수준 (R-1: 정책·진단체계·유전체 진단·희귀의약품),2021-2025,77,7.5416,1.4003,16.6667,3,129,0.397,0.2022,1.5084,0.0
가톨릭대,Y,RG1,R,신경계 희귀질환,2021-2025,22,5.9783,1.11,-21.4286,6,,1.1038,0.3604,,0.0
가톨릭대,Y,RG2,R,신경발달·뇌전증뇌병증,2021-2025,8,7.767,1.4421,100.0,3,,0.8233,0.1997,,0.0
가톨릭대,Y,RG3,R,신경근육,2021-2025,23,8.6792,1.6115,21.0526,11,,0.9019,1.3559,,18.1818
가톨릭대,Y,RG4,R,대사·리소좀축적병,2021-2025,37,7.7244,1.4342,32.1429,15,,2.3296,1.3998,,26.6667
가톨릭대,Y,RG5,R,미토콘드리아,2021-2025,1,0.8696,0.1615,-50.0,3,,2.1082,0.4332,,0.0
가톨릭대,Y,RG6,R,혈액·응고,2021-2025,22,14.8649,2.76,-31.25,16,,0.7528,0.5035,,12.5
가톨릭대,Y,RG7,R,면역·전신류마티스,2021-2025,53,9.7426,1.8089,43.2432,1,,0.3012,0.5278,,0.0
가톨릭대,Y,RG8,R,안과,2021-2025,5,3.7313,0.6928,25.0,2,,0.8428,0.0,,0.0
가톨릭대,Y,RG9,R,피부·결합조직·골격,2021-2025,7,9.2105,1.7101,600.0,7,,1.2102,0.7625,,14.2857
가톨릭대,Y,RG10,R,신장·비뇨기,2021-2025,6,4.6154,0.857,-33.3333,2,,0.6598,2.2314,,100.0
가톨릭대,Y,RG11,R,내분비·성장·염색체,2021-2025,7,9.589,1.7804,16.6667,8,,2.5349,0.5704,,12.5
가톨릭대,Y,RG12,R,심장·순환기,2021-2025,36,13.3829,2.4848,80.0,18,,1.5917,1.4956,,16.6667
가톨릭대,Y,RG13,R,희귀암·소아암,2021-2025,25,4.4092,0.8187,0.0,4,,0.2295,0.4685,,0.0
가톨릭대,Y,RG14,R,미진단·극희귀,2021-2025,0,0.0,0.0,,0,,0.0,,,
가톨릭대,Y,RG15,R,이비인후과,2021-2025,20,5.3476,0.9929,-9.0909,6,,2.331,0.5452,,16.6667
가톨릭대,Y,RG16,R,간·소화기,2021-2025,4,4.1237,0.7657,-42.8571,1,,0.4478,1.1401,,0.0
가톨릭대,Y,RG17,R,호흡기,2021-2025,9,7.9646,1.4788,200.0,3,,0.2217,7.0477,,66.6667
가톨릭대,Y,P3,P,RNA·올리고뉴클레오타이드 치료 (희귀질환 교차 플랫폼),2021-2025,54,4.3654,0.8105,-43.75,7,,1.3677,3.2189,,28.5714
가톨릭대,Y,P4,P,효소대체요법·분자표적 정밀치료 (희귀질환 고유),2021-2025,2,4.6512,0.8636,,0,,0.0,,,
가톨릭대,Y,P5,P,유전체 진단·신생아선별검사 (희귀질환 고유),2021-2025,94,6.3556,1.1801,8.046,25,,2.2961,1.091,,20.0
울산대,Y,M1,M,알츠하이머·신경퇴행질환 질병조절 치료,2021-2025,190,4.6489,0.7743,6.7416,130,169,1.0699,2.0024,1.7303,25.5814
울산대,Y,M2,M,난치암 근본치료 (췌장암·교모세포종·담도암·소세포폐암),2021-2025,822,17.3858,2.8956,26.4615,305,318,3.0155,2.3235,1.429,25.9868
울산대,Y,M3,M,암 조기발견 (다중암 조기검출·액체생검),2021-2025,145,11.0434,1.8393,26.087,27,57,0.9511,2.387,0.7507,22.2222
울산대,Y,M4,M,중추신경 손상 회복 (척수손상·신경재생·뇌-기계 인터페이스),2021-2025,13,5.3942,0.8984,-23.5294,1,59,0.2762,0.6209,1.1816,0.0
울산대,Y,M5,M,중증 정신질환 정밀치료 (치료저항성 우울증·조현병·자살),2021-2025,16,3.0361,0.5057,-15.7895,62,38,0.8386,0.8928,0.9026,16.129
울산대,Y,M6,M,팬데믹 대비 범용 백신·신속 대응 플랫폼,2021-2025,34,4.9275,0.8207,,1,21,0.1831,0.0,1.0947,0.0
울산대,Y,M7,M,항생제 내성 극복 (신규 항균제·대체요법),2021-2025,59,3.8114,0.6348,0.0,31,96,0.6859,2.9347,1.8072,16.6667
울산대,Y,M8,M,생체 내 유전자치료·유전자편집,2021-2025,107,4.332,0.7215,8.0808,26,40,0.6155,3.2635,1.4446,42.3077
울산대,Y,M9,M,"세포치료 플랫폼 (고형암·자가면역 CAR-T, iPSC 유래 치료)",2021-2025,40,7.1813,1.1961,48.1481,39,117,1.5456,2.5875,1.3144,25.641
울산대,Y,M10,M,장기 재생·이종장기·인공장기,2021-2025,43,4.8643,0.8102,-12.2449,1,368,0.3774,3.9642,0.8783,100.0
울산대,Y,M11,M,노쇠·노화 중재 (geroscience),2021-2025,111,5.7873,0.9639,73.4375,83,82,2.4301,2.0815,1.5939,39.0244
울산대,Y,R1,R,희귀질환 분야 수준 (R-1: 정책·진단체계·유전체 진단·희귀의약품),2021-2025,123,12.047,2.0065,-8.209,3,102,0.397,0.6736,1.4735,0.0
울산대,Y,RG1,R,신경계 희귀질환,2021-2025,33,8.9674,1.4935,0.0,6,,1.1038,0.963,,16.6667
울산대,Y,RG2,R,신경발달·뇌전증뇌병증,2021-2025,10,9.7087,1.617,11.1111,2,,0.5488,0.7057,,0.0
울산대,Y,RG3,R,신경근육,2021-2025,20,7.5472,1.257,-9.0909,3,,0.246,0.0,,0.0
울산대,Y,RG4,R,대사·리소좀축적병,2021-2025,53,11.0647,1.8429,-22.0588,8,,1.2424,1.3002,,25.0
울산대,Y,RG5,R,미토콘드리아,2021-2025,11,9.5652,1.5931,83.3333,3,,2.1082,0.574,,0.0
울산대,Y,RG6,R,혈액·응고,2021-2025,7,4.7297,0.7877,-63.1579,3,,0.1411,0.272,,0.0
울산대,Y,RG7,R,면역·전신류마티스,2021-2025,30,5.5147,0.9185,-14.2857,0,,0.0,,,
울산대,Y,RG8,R,안과,2021-2025,17,12.6866,2.113,30.7692,8,,3.3713,0.538,,0.0
울산대,Y,RG9,R,피부·결합조직·골격,2021-2025,10,13.1579,2.1915,11.1111,3,,0.5187,0.6627,,0.0
울산대,Y,RG10,R,신장·비뇨기,2021-2025,7,5.3846,0.8968,-53.3333,2,,0.6598,0.1406,,0.0
울산대,Y,RG11,R,내분비·성장·염색체,2021-2025,8,10.9589,1.8252,-27.2727,1,,0.3169,0.9948,,0.0
울산대,Y,RG12,R,심장·순환기,2021-2025,20,7.4349,1.2383,66.6667,4,,0.3537,0.2384,,0.0
울산대,Y,RG13,R,희귀암·소아암,2021-2025,23,4.0564,0.6756,-30.303,6,,0.3442,2.6136,,33.3333
울산대,Y,RG14,R,미진단·극희귀,2021-2025,3,8.5714,1.4276,,0,,0.0,,,
울산대,Y,RG15,R,이비인후과,2021-2025,21,5.615,0.9352,-4.5455,2,,0.777,0.5796,,0.0
울산대,Y,RG16,R,간·소화기,2021-2025,26,26.8041,4.4643,23.8095,13,,5.8218,0.5809,,7.6923
울산대,Y,RG17,R,호흡기,2021-2025,19,16.8142,2.8004,58.3333,3,,0.2217,4.4849,,33.3333
울산대,Y,P3,P,RNA·올리고뉴클레오타이드 치료 (희귀질환 교차 플랫폼),2021-2025,53,4.2846,0.7136,-41.1111,8,,1.5631,2.083,,37.5
울산대,Y,P4,P,효소대체요법·분자표적 정밀치료 (희귀질환 고유),2021-2025,8,18.6047,3.0986,-20.0,0,,0.0,,,
울산대,Y,P5,P,유전체 진단·신생아선별검사 (희귀질환 고유),2021-2025,114,7.7079,1.2838,32.5581,6,,0.5511,0.7848,,16.6667
고려대,Y,M1,M,알츠하이머·신경퇴행질환 질병조절 치료,2021-2025,386,9.4446,1.0788,26.5574,237,378,1.9506,3.2008,2.5033,36.8644
고려대,Y,M2,M,난치암 근본치료 (췌장암·교모세포종·담도암·소세포폐암),2021-2025,386,8.1641,0.9325,37.3665,168,155,1.661,2.2404,1.691,27.7108
고려대,Y,M3,M,암 조기발견 (다중암 조기검출·액체생검),2021-2025,107,8.1493,0.9308,30.4878,30,58,1.0567,1.8066,1.2692,20.0
고려대,Y,M4,M,중추신경 손상 회복 (척수손상·신경재생·뇌-기계 인터페이스),2021-2025,48,19.917,2.275,77.7778,10,387,2.7617,3.8476,1.9041,70.0
고려대,Y,M5,M,중증 정신질환 정밀치료 (치료저항성 우울증·조현병·자살),2021-2025,96,18.2163,2.0808,-17.2414,150,57,2.0289,2.1396,2.1344,32.4324
고려대,Y,M6,M,팬데믹 대비 범용 백신·신속 대응 플랫폼,2021-2025,130,18.8406,2.1521,2066.6667,10,118,1.8312,1.9805,2.4059,40.0
고려대,Y,M7,M,항생제 내성 극복 (신규 항균제·대체요법),2021-2025,129,8.3333,0.9519,50.0,35,114,0.7744,2.1396,1.7094,31.4286
고려대,Y,M8,M,생체 내 유전자치료·유전자편집,2021-2025,214,8.664,0.9896,20.904,65,84,1.5388,3.7087,3.0367,53.125
고려대,Y,M9,M,"세포치료 플랫폼 (고형암·자가면역 CAR-T, iPSC 유래 치료)",2021-2025,64,11.4901,1.3125,72.973,25,145,0.9908,1.5638,2.1705,33.3333
고려대,Y,M10,M,장기 재생·이종장기·인공장기,2021-2025,97,10.9729,1.2534,16.8675,6,376,2.2642,2.224,1.7073,50.0
고려대,Y,M11,M,노쇠·노화 중재 (geroscience),2021-2025,168,8.7591,1.0005,80.6452,57,90,1.6689,2.0249,2.6502,36.8421
고려대,Y,R1,R,희귀질환 분야 수준 (R-1: 정책·진단체계·유전체 진단·희귀의약품),2021-2025,68,6.6601,0.7608,-6.8493,3,116,0.397,0.4072,1.5278,0.0
고려대,Y,RG1,R,신경계 희귀질환,2021-2025,40,10.8696,1.2416,17.6471,4,,0.7358,0.8188,,0.0
고려대,Y,RG2,R,신경발달·뇌전증뇌병증,2021-2025,14,13.5922,1.5526,16.6667,2,,0.5488,0.3021,,0.0
고려대,Y,RG3,R,신경근육,2021-2025,14,5.283,0.6035,-12.5,0,,0.0,,,
고려대,Y,RG4,R,대사·리소좀축적병,2021-2025,31,6.4718,0.7392,-26.1905,2,,0.3106,0.4029,,0.0
고려대,Y,RG5,R,미토콘드리아,2021-2025,10,8.6957,0.9933,233.3333,1,,0.7027,0.4886,,0.0
고려대,Y,RG6,R,혈액·응고,2021-2025,8,5.4054,0.6174,0.0,2,,0.0941,2.5583,,50.0
고려대,Y,RG7,R,면역·전신류마티스,2021-2025,50,9.1912,1.0499,11.1111,2,,0.6024,0.764,,0.0
고려대,Y,RG8,R,안과,2021-2025,14,10.4478,1.1934,600.0,0,,0.0,,,
고려대,Y,RG9,R,피부·결합조직·골격,2021-2025,3,3.9474,0.4509,0.0,1,,0.1729,0.4641,,0.0
고려대,Y,RG10,R,신장·비뇨기,2021-2025,4,3.0769,0.3515,33.3333,2,,0.6598,0.5175,,0.0
고려대,Y,RG11,R,내분비·성장·염색체,2021-2025,8,10.9589,1.2518,166.6667,5,,1.5843,0.6842,,0.0
고려대,Y,RG12,R,심장·순환기,2021-2025,25,9.2937,1.0616,47.0588,5,,0.4421,4.7888,,60.0
고려대,Y,RG13,R,희귀암·소아암,2021-2025,34,5.9965,0.6849,13.3333,10,,0.5737,0.8005,,10.0
고려대,Y,RG14,R,미진단·극희귀,2021-2025,2,5.7143,0.6527,,0,,0.0,,,
고려대,Y,RG15,R,이비인후과,2021-2025,23,6.1497,0.7025,-8.0,7,,2.7195,0.9743,,28.5714
고려대,Y,RG16,R,간·소화기,2021-2025,3,3.0928,0.3533,-40.0,2,,0.8957,0.0,,0.0
고려대,Y,RG17,R,호흡기,2021-2025,11,9.7345,1.1119,175.0,1,,0.0739,1.4089,,0.0
고려대,Y,P3,P,RNA·올리고뉴클레오타이드 치료 (희귀질환 교차 플랫폼),2021-2025,76,6.1439,0.7018,-53.9394,9,,1.7585,2.1276,,44.4444
고려대,Y,P4,P,효소대체요법·분자표적 정밀치료 (희귀질환 고유),2021-2025,6,13.9535,1.5938,,0,,0.0,,,
고려대,Y,P5,P,유전체 진단·신생아선별검사 (희귀질환 고유),2021-2025,114,7.7079,0.8804,54.0541,24,,2.2043,1.6281,,20.8333
경희대,Y,M1,M,알츠하이머·신경퇴행질환 질병조절 치료,2021-2025,335,8.1967,1.6415,6.6879,175,330,1.4403,2.0846,1.7519,30.8571
경희대,Y,M2,M,난치암 근본치료 (췌장암·교모세포종·담도암·소세포폐암),2021-2025,194,4.1032,0.8217,46.9697,95,45,0.9393,1.7518,1.5446,24.4681
경희대,Y,M3,M,암 조기발견 (다중암 조기검출·액체생검),2021-2025,49,3.7319,0.7473,-10.9091,8,34,0.2818,0.523,0.8527,0.0
경희대,Y,M4,M,중추신경 손상 회복 (척수손상·신경재생·뇌-기계 인터페이스),2021-2025,13,5.3942,1.0802,-27.7778,0,98,0.0,,2.0499,
경희대,Y,M5,M,중증 정신질환 정밀치료 (치료저항성 우울증·조현병·자살),2021-2025,62,11.7647,2.356,287.5,71,44,0.9603,3.0014,2.3893,38.0282
경희대,Y,M6,M,팬데믹 대비 범용 백신·신속 대응 플랫폼,2021-2025,44,6.3768,1.277,1000.0,0,51,0.0,,1.2309,
경희대,Y,M7,M,항생제 내성 극복 (신규 항균제·대체요법),2021-2025,50,3.23,0.6468,2.0408,22,63,0.4868,1.37,1.3405,23.8095
경희대,Y,M8,M,생체 내 유전자치료·유전자편집,2021-2025,117,4.7368,0.9486,11.4286,30,47,0.7102,1.898,1.8817,30.0
경희대,Y,M9,M,"세포치료 플랫폼 (고형암·자가면역 CAR-T, iPSC 유래 치료)",2021-2025,19,3.4111,0.6831,850.0,12,65,0.4756,1.6882,2.3577,25.0
경희대,Y,M10,M,장기 재생·이종장기·인공장기,2021-2025,28,3.1674,0.6343,-22.2222,3,150,1.1321,1.1578,1.629,0.0
경희대,Y,M11,M,노쇠·노화 중재 (geroscience),2021-2025,174,9.0719,1.8167,176.1905,138,119,4.0404,2.6702,3.5078,37.6812
경희대,Y,R1,R,희귀질환 분야 수준 (R-1: 정책·진단체계·유전체 진단·희귀의약품),2021-2025,37,3.6239,0.7257,-9.7561,0,80,0.0,,1.3112,
경희대,Y,RG1,R,신경계 희귀질환,2021-2025,23,6.25,1.2516,-28.125,0,,0.0,,,
경희대,Y,RG2,R,신경발달·뇌전증뇌병증,2021-2025,10,9.7087,1.9443,11.1111,1,,0.2744,0.0,,0.0
경희대,Y,RG3,R,신경근육,2021-2025,8,3.0189,0.6046,-11.1111,0,,0.0,,,
경희대,Y,RG4,R,대사·리소좀축적병,2021-2025,23,4.8017,0.9616,21.0526,3,,0.4659,1.6423,,33.3333
경희대,Y,RG5,R,미토콘드리아,2021-2025,4,3.4783,0.6966,100.0,0,,0.0,,,
경희대,Y,RG6,R,혈액·응고,2021-2025,18,12.1622,2.4356,5.8824,14,,0.6587,2.7483,,21.4286
경희대,Y,RG7,R,면역·전신류마티스,2021-2025,13,2.3897,0.4786,-45.8333,0,,0.0,,,
경희대,Y,RG8,R,안과,2021-2025,4,2.9851,0.5978,300.0,0,,0.0,,,
경희대,Y,RG9,R,피부·결합조직·골격,2021-2025,1,1.3158,0.2635,0.0,1,,0.1729,0.0,,0.0
경희대,Y,RG10,R,신장·비뇨기,2021-2025,2,1.5385,0.3081,0.0,0,,0.0,,,
경희대,Y,RG11,R,내분비·성장·염색체,2021-2025,2,2.7397,0.5487,100.0,1,,0.3169,2.4107,,100.0
경희대,Y,RG12,R,심장·순환기,2021-2025,14,5.2045,1.0422,133.3333,11,,0.9727,1.3763,,18.1818
경희대,Y,RG13,R,희귀암·소아암,2021-2025,36,6.3492,1.2715,-5.2632,8,,0.459,1.1477,,12.5
경희대,Y,RG14,R,미진단·극희귀,2021-2025,1,2.8571,0.5722,,0,,0.0,,,
경희대,Y,RG15,R,이비인후과,2021-2025,20,5.3476,1.0709,-20.0,7,,2.7195,0.8871,,0.0
경희대,Y,RG16,R,간·소화기,2021-2025,2,2.0619,0.4129,0.0,0,,0.0,,,
경희대,Y,RG17,R,호흡기,2021-2025,1,0.885,0.1772,-66.6667,0,,0.0,,,
경희대,Y,P3,P,RNA·올리고뉴클레오타이드 치료 (희귀질환 교차 플랫폼),2021-2025,73,5.9014,1.1818,-22.3404,3,,0.5862,0.4616,,0.0
경희대,Y,P4,P,효소대체요법·분자표적 정밀치료 (희귀질환 고유),2021-2025,4,9.3023,1.8629,0.0,0,,0.0,,,
경희대,Y,P5,P,유전체 진단·신생아선별검사 (희귀질환 고유),2021-2025,60,4.0568,0.8124,130.7692,4,,0.3674,0.4056,,0.0
전남대,Y,M1,M,알츠하이머·신경퇴행질환 질병조절 치료,2021-2025,144,3.5234,0.9179,17.0732,62,122,0.5103,2.417,1.595,38.7097
전남대,Y,M2,M,난치암 근본치료 (췌장암·교모세포종·담도암·소세포폐암),2021-2025,196,4.1455,1.08,49.6183,72,68,0.7119,2.0925,1.0564,26.7606
전남대,Y,M3,M,암 조기발견 (다중암 조기검출·액체생검),2021-2025,33,2.5133,0.6548,-8.3333,9,20,0.317,0.9117,0.8171,11.1111
전남대,Y,M4,M,중추신경 손상 회복 (척수손상·신경재생·뇌-기계 인터페이스),2021-2025,5,2.0747,0.5405,150.0,1,75,0.2762,2.5747,1.9961,100.0
전남대,Y,M5,M,중증 정신질환 정밀치료 (치료저항성 우울증·조현병·자살),2021-2025,29,5.5028,1.4336,93.3333,62,48,0.8386,1.4996,1.1451,19.6721
전남대,Y,M6,M,팬데믹 대비 범용 백신·신속 대응 플랫폼,2021-2025,22,3.1884,0.8306,340.0,0,32,0.0,,1.3837,
전남대,Y,M7,M,항생제 내성 극복 (신규 항균제·대체요법),2021-2025,71,4.5866,1.1949,-1.3889,16,66,0.354,0.5438,1.8933,6.25
전남대,Y,M8,M,생체 내 유전자치료·유전자편집,2021-2025,77,3.1174,0.8121,5.4795,35,74,0.8286,1.7063,2.2743,41.1765
전남대,Y,M9,M,"세포치료 플랫폼 (고형암·자가면역 CAR-T, iPSC 유래 치료)",2021-2025,13,2.3339,0.608,333.3333,8,56,0.317,2.7372,2.2103,25.0
전남대,Y,M10,M,장기 재생·이종장기·인공장기,2021-2025,29,3.2805,0.8546,16.0,1,148,0.3774,0.0849,1.4994,0.0
전남대,Y,M11,M,노쇠·노화 중재 (geroscience),2021-2025,61,3.1804,0.8285,74.2857,9,32,0.2635,2.2186,1.3385,44.4444
전남대,Y,R1,R,희귀질환 분야 수준 (R-1: 정책·진단체계·유전체 진단·희귀의약품),2021-2025,45,4.4074,1.1482,7.1429,0,30,0.0,,1.1638,
전남대,Y,RG1,R,신경계 희귀질환,2021-2025,19,5.163,1.345,11.7647,7,,1.2877,0.3681,,0.0
전남대,Y,RG2,R,신경발달·뇌전증뇌병증,2021-2025,2,1.9417,0.5058,-60.0,3,,0.8233,0.4688,,0.0
전남대,Y,RG3,R,신경근육,2021-2025,7,2.6415,0.6881,40.0,3,,0.246,1.4918,,33.3333
전남대,Y,RG4,R,대사·리소좀축적병,2021-2025,18,3.7578,0.979,-5.2632,3,,0.4659,1.1687,,33.3333
전남대,Y,RG5,R,미토콘드리아,2021-2025,3,2.6087,0.6796,50.0,1,,0.7027,0.0,,0.0
전남대,Y,RG6,R,혈액·응고,2021-2025,9,6.0811,1.5842,-40.0,1,,0.047,0.3466,,0.0
전남대,Y,RG7,R,면역·전신류마티스,2021-2025,21,3.8603,1.0057,75.0,0,,0.0,,,
전남대,Y,RG8,R,안과,2021-2025,0,0.0,0.0,,0,,0.0,,,
전남대,Y,RG9,R,피부·결합조직·골격,2021-2025,0,0.0,0.0,-100.0,1,,0.1729,0.0,,0.0
전남대,Y,RG10,R,신장·비뇨기,2021-2025,15,11.5385,3.0059,-16.6667,6,,1.9795,0.4849,,16.6667
전남대,Y,RG11,R,내분비·성장·염색체,2021-2025,3,4.1096,1.0706,200.0,1,,0.3169,0.0,,0.0
전남대,Y,RG12,R,심장·순환기,2021-2025,16,5.948,1.5495,77.7778,3,,0.2653,0.4404,,0.0
전남대,Y,RG13,R,희귀암·소아암,2021-2025,29,5.1146,1.3324,11.5385,6,,0.3442,1.6287,,33.3333
전남대,Y,RG14,R,미진단·극희귀,2021-2025,2,5.7143,1.4886,100.0,0,,0.0,,,
전남대,Y,RG15,R,이비인후과,2021-2025,6,1.6043,0.4179,0.0,3,,1.1655,0.3039,,0.0
전남대,Y,RG16,R,간·소화기,2021-2025,1,1.0309,0.2686,-66.6667,0,,0.0,,,
전남대,Y,RG17,R,호흡기,2021-2025,11,9.7345,2.536,83.3333,0,,0.0,,,
전남대,Y,P3,P,RNA·올리고뉴클레오타이드 치료 (희귀질환 교차 플랫폼),2021-2025,36,2.9103,0.7582,-51.3514,3,,0.5862,0.4095,,0.0
전남대,Y,P4,P,효소대체요법·분자표적 정밀치료 (희귀질환 고유),2021-2025,6,13.9535,3.6351,200.0,1,,1.218,0.0,,0.0
전남대,Y,P5,P,유전체 진단·신생아선별검사 (희귀질환 고유),2021-2025,48,3.2454,0.8455,26.3158,4,,0.3674,3.5837,,25.0
인제대,N,M1,M,알츠하이머·신경퇴행질환 질병조절 치료,2021-2025,103,2.5202,1.0538,22.619,38,73,0.3128,1.2055,0.9306,23.6842
인제대,N,M2,M,난치암 근본치료 (췌장암·교모세포종·담도암·소세포폐암),2021-2025,132,2.7919,1.1674,11.8644,16,29,0.1582,0.4916,0.3178,6.25
인제대,N,M3,M,암 조기발견 (다중암 조기검출·액체생검),2021-2025,27,2.0564,0.8598,-28.9474,2,21,0.0704,0.0729,0.9728,0.0
인제대,N,M4,M,중추신경 손상 회복 (척수손상·신경재생·뇌-기계 인터페이스),2021-2025,16,6.639,2.776,300.0,0,36,0.0,,1.2204,
인제대,N,M5,M,중증 정신질환 정밀치료 (치료저항성 우울증·조현병·자살),2021-2025,39,7.4004,3.0944,62.5,41,30,0.5546,1.2895,1.4378,29.2683
인제대,N,M6,M,팬데믹 대비 범용 백신·신속 대응 플랫폼,2021-2025,11,1.5942,0.6666,1000.0,3,15,0.5493,2.0633,1.7455,66.6667
인제대,N,M7,M,항생제 내성 극복 (신규 항균제·대체요법),2021-2025,74,4.7804,1.9989,29.8246,11,28,0.2434,1.7029,1.2664,27.2727
인제대,N,M8,M,생체 내 유전자치료·유전자편집,2021-2025,26,1.0526,0.4401,-38.0952,6,4,0.142,2.2037,0.7444,50.0
인제대,N,M9,M,"세포치료 플랫폼 (고형암·자가면역 CAR-T, iPSC 유래 치료)",2021-2025,5,0.8977,0.3753,150.0,5,14,0.1982,0.4131,0.8454,0.0
인제대,N,M10,M,장기 재생·이종장기·인공장기,2021-2025,14,1.5837,0.6622,-26.3158,0,30,0.0,,0.7849,
인제대,N,M11,M,노쇠·노화 중재 (geroscience),2021-2025,40,2.0855,0.872,29.0323,17,19,0.4977,3.9114,0.973,52.9412
인제대,N,R1,R,희귀질환 분야 수준 (R-1: 정책·진단체계·유전체 진단·희귀의약품),2021-2025,48,4.7013,1.9658,4.3478,0,27,0.0,,0.5295,
인제대,N,RG1,R,신경계 희귀질환,2021-2025,13,3.5326,1.4771,30.0,5,,0.9198,0.1795,,0.0
인제대,N,RG2,R,신경발달·뇌전증뇌병증,2021-2025,3,2.9126,1.2179,-25.0,0,,0.0,,,
인제대,N,RG3,R,신경근육,2021-2025,5,1.8868,0.7889,0.0,2,,0.164,0.0619,,0.0
인제대,N,RG4,R,대사·리소좀축적병,2021-2025,15,3.1315,1.3094,-11.7647,0,,0.0,,,
인제대,N,RG5,R,미토콘드리아,2021-2025,2,1.7391,0.7272,-66.6667,0,,0.0,,,
인제대,N,RG6,R,혈액·응고,2021-2025,4,2.7027,1.1301,0.0,1,,0.047,0.0,,0.0
인제대,N,RG7,R,면역·전신류마티스,2021-2025,16,2.9412,1.2298,45.4545,0,,0.0,,,
인제대,N,RG8,R,안과,2021-2025,2,1.4925,0.6241,-33.3333,0,,0.0,,,
인제대,N,RG9,R,피부·결합조직·골격,2021-2025,2,2.6316,1.1004,0.0,0,,0.0,,,
인제대,N,RG10,R,신장·비뇨기,2021-2025,10,7.6923,3.2165,-9.0909,1,,0.3299,0.0,,0.0
인제대,N,RG11,R,내분비·성장·염색체,2021-2025,4,5.4795,2.2912,100.0,0,,0.0,,,
인제대,N,RG12,R,심장·순환기,2021-2025,10,3.7175,1.5544,25.0,1,,0.0884,0.0,,0.0
인제대,N,RG13,R,희귀암·소아암,2021-2025,10,1.7637,0.7375,-23.0769,2,,0.1147,1.7681,,50.0
인제대,N,RG14,R,미진단·극희귀,2021-2025,0,0.0,0.0,-100.0,0,,0.0,,,
인제대,N,RG15,R,이비인후과,2021-2025,23,6.1497,2.5714,15.0,4,,1.554,0.5209,,0.0
인제대,N,RG16,R,간·소화기,2021-2025,2,2.0619,0.8621,0.0,0,,0.0,,,
인제대,N,RG17,R,호흡기,2021-2025,2,1.7699,0.7401,-33.3333,1,,0.0739,3.1735,,100.0
인제대,N,P3,P,RNA·올리고뉴클레오타이드 치료 (희귀질환 교차 플랫폼),2021-2025,11,0.8892,0.3718,-69.4444,0,,0.0,,,
인제대,N,P4,P,효소대체요법·분자표적 정밀치료 (희귀질환 고유),2021-2025,0,0.0,0.0,-100.0,0,,0.0,,,
인제대,N,P5,P,유전체 진단·신생아선별검사 (희귀질환 고유),2021-2025,37,2.5017,1.0461,37.037,0,,0.0,,,
경북대,Y,M1,M,알츠하이머·신경퇴행질환 질병조절 치료,2021-2025,161,3.9393,0.9465,-8.0,65,191,0.535,1.8777,1.7357,26.1538
경북대,Y,M2,M,난치암 근본치료 (췌장암·교모세포종·담도암·소세포폐암),2021-2025,171,3.6168,0.869,46.1538,84,76,0.8305,2.0696,1.4294,21.4286
경북대,Y,M3,M,암 조기발견 (다중암 조기검출·액체생검),2021-2025,59,4.4935,1.0797,103.4483,13,40,0.4579,2.6985,1.0865,30.7692
경북대,Y,M4,M,중추신경 손상 회복 (척수손상·신경재생·뇌-기계 인터페이스),2021-2025,12,4.9793,1.1964,-33.3333,3,90,0.8285,2.9287,1.8642,66.6667
경북대,Y,M5,M,중증 정신질환 정밀치료 (치료저항성 우울증·조현병·자살),2021-2025,16,3.0361,0.7295,220.0,41,34,0.5546,2.0539,1.692,36.5854
경북대,Y,M6,M,팬데믹 대비 범용 백신·신속 대응 플랫폼,2021-2025,17,2.4638,0.592,,1,60,0.1831,1.5125,1.4256,0.0
경북대,Y,M7,M,항생제 내성 극복 (신규 항균제·대체요법),2021-2025,119,7.6873,1.8471,48.75,46,117,1.0178,2.0142,1.4522,28.8889
경북대,Y,M8,M,생체 내 유전자치료·유전자편집,2021-2025,83,3.3603,0.8074,-9.7826,31,79,0.7339,2.5438,1.1918,45.1613
경북대,Y,M9,M,"세포치료 플랫폼 (고형암·자가면역 CAR-T, iPSC 유래 치료)",2021-2025,20,3.5907,0.8628,233.3333,10,88,0.3963,1.2297,1.7272,10.0
경북대,Y,M10,M,장기 재생·이종장기·인공장기,2021-2025,30,3.3937,0.8154,-14.2857,1,185,0.3774,1.2976,2.195,0.0
경북대,Y,M11,M,노쇠·노화 중재 (geroscience),2021-2025,60,3.1283,0.7517,100.0,26,42,0.7612,1.2881,2.0713,26.9231
경북대,Y,R1,R,희귀질환 분야 수준 (R-1: 정책·진단체계·유전체 진단·희귀의약품),2021-2025,38,3.7218,0.8943,-9.5238,2,96,0.2647,1.7649,0.7746,50.0
경북대,Y,RG1,R,신경계 희귀질환,2021-2025,20,5.4348,1.3059,33.3333,5,,0.9198,0.2111,,0.0
경북대,Y,RG2,R,신경발달·뇌전증뇌병증,2021-2025,1,0.9709,0.2333,-75.0,0,,0.0,,,
경북대,Y,RG3,R,신경근육,2021-2025,26,9.8113,2.3574,30.0,15,,1.2298,5.8738,,40.0
경북대,Y,RG4,R,대사·리소좀축적병,2021-2025,16,3.3403,0.8026,-11.1111,2,,0.3106,2.4177,,50.0
경북대,Y,RG5,R,미토콘드리아,2021-2025,5,4.3478,1.0447,0.0,0,,0.0,,,
경북대,Y,RG6,R,혈액·응고,2021-2025,9,6.0811,1.4612,12.5,10,,0.4705,0.6285,,0.0
경북대,Y,RG7,R,면역·전신류마티스,2021-2025,17,3.125,0.7509,-26.087,1,,0.3012,0.3275,,0.0
경북대,Y,RG8,R,안과,2021-2025,3,2.2388,0.5379,50.0,0,,0.0,,,
경북대,Y,RG9,R,피부·결합조직·골격,2021-2025,2,2.6316,0.6323,,1,,0.1729,0.2829,,0.0
경북대,Y,RG10,R,신장·비뇨기,2021-2025,8,6.1538,1.4786,0.0,3,,0.9898,0.6263,,0.0
경북대,Y,RG11,R,내분비·성장·염색체,2021-2025,2,2.7397,0.6583,100.0,0,,0.0,,,
경북대,Y,RG12,R,심장·순환기,2021-2025,7,2.6022,0.6253,-30.0,1,,0.0884,6.9768,,100.0
경북대,Y,RG13,R,희귀암·소아암,2021-2025,12,2.1164,0.5085,-40.0,3,,0.1721,1.3517,,0.0
경북대,Y,RG14,R,미진단·극희귀,2021-2025,1,2.8571,0.6865,-50.0,1,,2.2173,1.1191,,0.0
경북대,Y,RG15,R,이비인후과,2021-2025,17,4.5455,1.0922,-19.0476,1,,0.3885,0.1191,,0.0
경북대,Y,RG16,R,간·소화기,2021-2025,0,0.0,0.0,-100.0,0,,0.0,,,
경북대,Y,RG17,R,호흡기,2021-2025,1,0.885,0.2126,0.0,1,,0.0739,0.0,,0.0
경북대,Y,P3,P,RNA·올리고뉴클레오타이드 치료 (희귀질환 교차 플랫폼),2021-2025,48,3.8804,0.9324,-47.2527,1,,0.1954,0.3371,,0.0
경북대,Y,P4,P,효소대체요법·분자표적 정밀치료 (희귀질환 고유),2021-2025,2,4.6512,1.1176,-60.0,1,,1.218,4.8355,,100.0
경북대,Y,P5,P,유전체 진단·신생아선별검사 (희귀질환 고유),2021-2025,73,4.9358,1.186,92.1053,6,,0.5511,1.0558,,16.6667
부산대,Y,M1,M,알츠하이머·신경퇴행질환 질병조절 치료,2021-2025,170,4.1595,1.0379,38.2114,103,224,0.8477,1.3695,1.3371,18.6275
부산대,Y,M2,M,난치암 근본치료 (췌장암·교모세포종·담도암·소세포폐암),2021-2025,190,4.0186,1.0027,41.791,87,69,0.8602,1.2549,0.9275,19.5402
부산대,Y,M3,M,암 조기발견 (다중암 조기검출·액체생검),2021-2025,50,3.8081,0.9502,-16.6667,10,27,0.3522,0.3857,0.6976,0.0
부산대,Y,M4,M,중추신경 손상 회복 (척수손상·신경재생·뇌-기계 인터페이스),2021-2025,5,2.0747,0.5177,-44.4444,2,84,0.5523,1.6028,1.3192,50.0
부산대,Y,M5,M,중증 정신질환 정밀치료 (치료저항성 우울증·조현병·자살),2021-2025,20,3.7951,0.9469,42.8571,39,35,0.5275,0.6583,0.66,10.5263
부산대,Y,M6,M,팬데믹 대비 범용 백신·신속 대응 플랫폼,2021-2025,11,1.5942,0.3978,120.0,0,27,0.0,,1.4954,
부산대,Y,M7,M,항생제 내성 극복 (신규 항균제·대체요법),2021-2025,62,4.0052,0.9993,29.1667,35,61,0.7744,0.8366,1.1367,11.4286
부산대,Y,M8,M,생체 내 유전자치료·유전자편집,2021-2025,83,3.3603,0.8384,9.2105,9,48,0.2131,3.721,1.7334,33.3333
부산대,Y,M9,M,"세포치료 플랫폼 (고형암·자가면역 CAR-T, iPSC 유래 치료)",2021-2025,14,2.5135,0.6271,55.5556,22,89,0.8719,1.3115,1.3461,18.1818
부산대,Y,M10,M,장기 재생·이종장기·인공장기,2021-2025,49,5.543,1.3831,32.4324,1,224,0.3774,4.7994,1.4273,100.0
부산대,Y,M11,M,노쇠·노화 중재 (geroscience),2021-2025,103,5.3702,1.3399,68.8525,47,49,1.3761,1.3396,1.3437,17.0213
부산대,Y,R1,R,희귀질환 분야 수준 (R-1: 정책·진단체계·유전체 진단·희귀의약품),2021-2025,71,6.954,1.7351,10.9375,3,84,0.397,0.6642,0.8042,0.0
부산대,Y,RG1,R,신경계 희귀질환,2021-2025,24,6.5217,1.6273,60.0,6,,1.1038,1.7685,,16.6667
부산대,Y,RG2,R,신경발달·뇌전증뇌병증,2021-2025,1,0.9709,0.2422,-90.9091,0,,0.0,,,
부산대,Y,RG3,R,신경근육,2021-2025,34,12.8302,3.2013,61.9048,14,,1.1478,0.4349,,7.1429
부산대,Y,RG4,R,대사·리소좀축적병,2021-2025,37,7.7244,1.9274,15.625,5,,0.7765,1.3302,,20.0
부산대,Y,RG5,R,미토콘드리아,2021-2025,4,3.4783,0.8679,-20.0,0,,0.0,,,
부산대,Y,RG6,R,혈액·응고,2021-2025,4,2.7027,0.6744,-66.6667,1,,0.047,1.3167,,0.0
부산대,Y,RG7,R,면역·전신류마티스,2021-2025,28,5.1471,1.2843,-9.6774,2,,0.6024,0.0433,,0.0
부산대,Y,RG8,R,안과,2021-2025,2,1.4925,0.3724,,2,,0.8428,0.0,,0.0
부산대,Y,RG9,R,피부·결합조직·골격,2021-2025,2,2.6316,0.6566,-60.0,1,,0.1729,0.1164,,0.0
부산대,Y,RG10,R,신장·비뇨기,2021-2025,4,3.0769,0.7677,-55.5556,4,,1.3197,0.0,,0.0
부산대,Y,RG11,R,내분비·성장·염색체,2021-2025,7,9.589,2.3926,133.3333,4,,1.2674,1.1032,,25.0
부산대,Y,RG12,R,심장·순환기,2021-2025,12,4.461,1.1131,-14.2857,4,,0.3537,2.1097,,25.0
부산대,Y,RG13,R,희귀암·소아암,2021-2025,32,5.6437,1.4082,10.3448,11,,0.6311,0.704,,9.0909
부산대,Y,RG14,R,미진단·극희귀,2021-2025,7,20.0,4.9903,600.0,1,,2.2173,1.5246,,0.0
부산대,Y,RG15,R,이비인후과,2021-2025,20,5.3476,1.3343,100.0,9,,3.4965,1.017,,11.1111
부산대,Y,RG16,R,간·소화기,2021-2025,1,1.0309,0.2572,-66.6667,0,,0.0,,,
부산대,Y,RG17,R,호흡기,2021-2025,7,6.1947,1.5457,600.0,1,,0.0739,2.1066,,100.0
부산대,Y,P3,P,RNA·올리고뉴클레오타이드 치료 (희귀질환 교차 플랫폼),2021-2025,54,4.3654,1.0892,-40.6593,0,,0.0,,,
부산대,Y,P4,P,효소대체요법·분자표적 정밀치료 (희귀질환 고유),2021-2025,4,9.3023,2.3211,33.3333,2,,2.4361,0.7886,,0.0
부산대,Y,P5,P,유전체 진단·신생아선별검사 (희귀질환 고유),2021-2025,54,3.6511,0.911,17.3913,18,,1.6532,1.2336,,11.1111
한양대,Y,M1,M,알츠하이머·신경퇴행질환 질병조절 치료,2021-2025,191,4.6734,1.1047,25.6579,52,120,0.428,2.254,1.693,39.2157
한양대,Y,M2,M,난치암 근본치료 (췌장암·교모세포종·담도암·소세포폐암),2021-2025,167,3.5321,0.8349,32.5397,35,13,0.346,1.6688,1.2759,26.4706
한양대,Y,M3,M,암 조기발견 (다중암 조기검출·액체생검),2021-2025,73,5.5598,1.3142,40.3846,2,12,0.0704,1.9725,2.7174,50.0
한양대,Y,M4,M,중추신경 손상 회복 (척수손상·신경재생·뇌-기계 인터페이스),2021-2025,3,1.2448,0.2943,-76.9231,1,86,0.2762,43.2879,2.1926,100.0
한양대,Y,M5,M,중증 정신질환 정밀치료 (치료저항성 우울증·조현병·자살),2021-2025,52,9.8672,2.3324,420.0,41,21,0.5546,2.0794,1.4869,43.9024
한양대,Y,M6,M,팬데믹 대비 범용 백신·신속 대응 플랫폼,2021-2025,20,2.8986,0.6852,1900.0,1,14,0.1831,0.0,0.9609,0.0
한양대,Y,M7,M,항생제 내성 극복 (신규 항균제·대체요법),2021-2025,72,4.6512,1.0994,71.4286,23,39,0.5089,1.9104,1.2702,27.2727
한양대,Y,M8,M,생체 내 유전자치료·유전자편집,2021-2025,157,6.3563,1.5025,-3.0864,42,44,0.9943,3.1331,5.6707,50.0
한양대,Y,M9,M,"세포치료 플랫폼 (고형암·자가면역 CAR-T, iPSC 유래 치료)",2021-2025,36,6.4632,1.5278,100.0,6,41,0.2378,1.0011,1.6669,16.6667
한양대,Y,M10,M,장기 재생·이종장기·인공장기,2021-2025,42,4.7511,1.1231,-10.6383,1,103,0.3774,0.7135,1.7781,0.0
한양대,Y,M11,M,노쇠·노화 중재 (geroscience),2021-2025,52,2.7112,0.6409,136.3636,22,27,0.6441,1.5008,2.3725,27.2727
한양대,Y,R1,R,희귀질환 분야 수준 (R-1: 정책·진단체계·유전체 진단·희귀의약품),2021-2025,43,4.2116,0.9955,43.3333,1,30,0.1323,5.0052,1.0618,100.0
한양대,Y,RG1,R,신경계 희귀질환,2021-2025,16,4.3478,1.0277,-33.3333,1,,0.184,0.0,,0.0
한양대,Y,RG2,R,신경발달·뇌전증뇌병증,2021-2025,2,1.9417,0.459,100.0,0,,0.0,,,
한양대,Y,RG3,R,신경근육,2021-2025,9,3.3962,0.8028,125.0,1,,0.082,0.0,,0.0
한양대,Y,RG4,R,대사·리소좀축적병,2021-2025,26,5.428,1.2831,18.1818,0,,0.0,,,
한양대,Y,RG5,R,미토콘드리아,2021-2025,3,2.6087,0.6166,,0,,0.0,,,
한양대,Y,RG6,R,혈액·응고,2021-2025,6,4.0541,0.9583,0.0,0,,0.0,,,
한양대,Y,RG7,R,면역·전신류마티스,2021-2025,26,4.7794,1.1298,44.4444,0,,0.0,,,
한양대,Y,RG8,R,안과,2021-2025,11,8.209,1.9404,1000.0,1,,0.4214,0.1733,,0.0
한양대,Y,RG9,R,피부·결합조직·골격,2021-2025,1,1.3158,0.311,0.0,1,,0.1729,0.0,,0.0
한양대,Y,RG10,R,신장·비뇨기,2021-2025,5,3.8462,0.9092,,0,,0.0,,,
한양대,Y,RG11,R,내분비·성장·염색체,2021-2025,3,4.1096,0.9714,200.0,0,,0.0,,,
한양대,Y,RG12,R,심장·순환기,2021-2025,8,2.974,0.703,-20.0,0,,0.0,,,
한양대,Y,RG13,R,희귀암·소아암,2021-2025,14,2.4691,0.5837,-26.3158,1,,0.0574,2.468,,100.0
한양대,Y,RG14,R,미진단·극희귀,2021-2025,0,0.0,0.0,,0,,0.0,,,
한양대,Y,RG15,R,이비인후과,2021-2025,17,4.5455,1.0745,70.0,3,,1.1655,0.3137,,0.0
한양대,Y,RG16,R,간·소화기,2021-2025,6,6.1856,1.4622,100.0,0,,0.0,,,
한양대,Y,RG17,R,호흡기,2021-2025,22,19.469,4.6021,266.6667,1,,0.0739,0.0,,0.0
한양대,Y,P3,P,RNA·올리고뉴클레오타이드 치료 (희귀질환 교차 플랫폼),2021-2025,43,3.4762,0.8217,-45.5696,7,,1.3677,2.6586,,42.8571
한양대,Y,P4,P,효소대체요법·분자표적 정밀치료 (희귀질환 고유),2021-2025,1,2.3256,0.5497,-66.6667,0,,0.0,,,
한양대,Y,P5,P,유전체 진단·신생아선별검사 (희귀질환 고유),2021-2025,49,3.313,0.7831,36.1111,3,,0.2755,1.3856,,33.3333
순천향대,N,M1,M,알츠하이머·신경퇴행질환 질병조절 치료,2021-2025,156,3.817,1.6825,116.6667,56,100,0.4609,3.214,2.814,25.4545
순천향대,N,M2,M,난치암 근본치료 (췌장암·교모세포종·담도암·소세포폐암),2021-2025,142,3.0034,1.3239,2.8986,25,36,0.2472,1.2451,1.6651,20.0
순천향대,N,M3,M,암 조기발견 (다중암 조기검출·액체생검),2021-2025,46,3.5034,1.5443,-4.1667,4,23,0.1409,1.3593,1.467,0.0
순천향대,N,M4,M,중추신경 손상 회복 (척수손상·신경재생·뇌-기계 인터페이스),2021-2025,7,2.9046,1.2803,250.0,0,30,0.0,,1.4895,
순천향대,N,M5,M,중증 정신질환 정밀치료 (치료저항성 우울증·조현병·자살),2021-2025,26,4.9336,2.1747,44.4444,38,12,0.514,1.1702,0.6825,24.3243
순천향대,N,M6,M,팬데믹 대비 범용 백신·신속 대응 플랫폼,2021-2025,13,1.8841,0.8305,1200.0,2,17,0.3662,0.7232,0.6125,0.0
순천향대,N,M7,M,항생제 내성 극복 (신규 항균제·대체요법),2021-2025,42,2.7132,1.1959,10.5263,20,39,0.4425,0.7424,1.4388,5.0
순천향대,N,M8,M,생체 내 유전자치료·유전자편집,2021-2025,37,1.498,0.6603,-13.9535,8,5,0.1894,3.4524,2.6147,50.0
순천향대,N,M9,M,"세포치료 플랫폼 (고형암·자가면역 CAR-T, iPSC 유래 치료)",2021-2025,11,1.9749,0.8705,22.2222,4,24,0.1585,1.0143,1.5322,25.0
순천향대,N,M10,M,장기 재생·이종장기·인공장기,2021-2025,28,3.1674,1.3962,-3.4483,0,83,0.0,,1.6785,
순천향대,N,M11,M,노쇠·노화 중재 (geroscience),2021-2025,38,1.9812,0.8733,31.0345,11,18,0.3221,1.7078,1.9435,36.3636
순천향대,N,R1,R,희귀질환 분야 수준 (R-1: 정책·진단체계·유전체 진단·희귀의약품),2021-2025,48,4.7013,2.0723,108.6957,0,28,0.0,,0.4823,
순천향대,N,RG1,R,신경계 희귀질환,2021-2025,16,4.3478,1.9165,0.0,2,,0.3679,0.0,,0.0
순천향대,N,RG2,R,신경발달·뇌전증뇌병증,2021-2025,5,4.8544,2.1398,150.0,1,,0.2744,0.0,,0.0
순천향대,N,RG3,R,신경근육,2021-2025,8,3.0189,1.3307,-11.1111,4,,0.3279,0.3621,,0.0
순천향대,N,RG4,R,대사·리소좀축적병,2021-2025,26,5.428,2.3926,116.6667,2,,0.3106,0.0,,0.0
순천향대,N,RG5,R,미토콘드리아,2021-2025,2,1.7391,0.7666,-33.3333,1,,0.7027,0.1654,,0.0
순천향대,N,RG6,R,혈액·응고,2021-2025,2,1.3514,0.5957,-60.0,3,,0.1411,0.5133,,0.0
순천향대,N,RG7,R,면역·전신류마티스,2021-2025,13,2.3897,1.0534,-23.5294,0,,0.0,,,
순천향대,N,RG8,R,안과,2021-2025,6,4.4776,1.9737,200.0,2,,0.8428,0.2623,,0.0
순천향대,N,RG9,R,피부·결합조직·골격,2021-2025,1,1.3158,0.58,0.0,1,,0.1729,0.0,,0.0
순천향대,N,RG10,R,신장·비뇨기,2021-2025,5,3.8462,1.6954,66.6667,1,,0.3299,0.3208,,0.0
순천향대,N,RG11,R,내분비·성장·염색체,2021-2025,4,5.4795,2.4153,33.3333,2,,0.6337,0.2812,,0.0
순천향대,N,RG12,R,심장·순환기,2021-2025,7,2.6022,1.147,16.6667,3,,0.2653,0.9362,,33.3333
순천향대,N,RG13,R,희귀암·소아암,2021-2025,7,1.2346,0.5442,-41.6667,2,,0.1147,0.4765,,0.0
순천향대,N,RG14,R,미진단·극희귀,2021-2025,0,0.0,0.0,,0,,0.0,,,
순천향대,N,RG15,R,이비인후과,2021-2025,9,2.4064,1.0607,-25.0,4,,1.554,0.3661,,0.0
순천향대,N,RG16,R,간·소화기,2021-2025,0,0.0,0.0,-100.0,0,,0.0,,,
순천향대,N,RG17,R,호흡기,2021-2025,6,5.3097,2.3405,50.0,3,,0.2217,1.4043,,33.3333
순천향대,N,P3,P,RNA·올리고뉴클레오타이드 치료 (희귀질환 교차 플랫폼),2021-2025,22,1.7785,0.7839,-40.5405,5,,0.9769,3.8224,,60.0
순천향대,N,P4,P,효소대체요법·분자표적 정밀치료 (희귀질환 고유),2021-2025,3,6.9767,3.0753,50.0,0,,0.0,,,
순천향대,N,P5,P,유전체 진단·신생아선별검사 (희귀질환 고유),2021-2025,27,1.8256,0.8047,107.6923,1,,0.0918,1.5849,,0.0
아주대,N,M1,M,알츠하이머·신경퇴행질환 질병조절 치료,2021-2025,154,3.768,1.6018,140.625,57,119,0.4691,2.1079,1.5603,28.0702
아주대,N,M2,M,난치암 근본치료 (췌장암·교모세포종·담도암·소세포폐암),2021-2025,129,2.7284,1.1598,12.1739,55,55,0.5438,1.6198,1.2192,18.1818
아주대,N,M3,M,암 조기발견 (다중암 조기검출·액체생검),2021-2025,43,3.2749,1.3922,186.6667,6,9,0.2113,0.6688,1.455,0.0
아주대,N,M4,M,중추신경 손상 회복 (척수손상·신경재생·뇌-기계 인터페이스),2021-2025,11,4.5643,1.9403,37.5,4,18,1.1047,2.0702,1.7786,25.0
아주대,N,M5,M,중증 정신질환 정밀치료 (치료저항성 우울증·조현병·자살),2021-2025,9,1.7078,0.726,800.0,15,13,0.2029,1.1816,1.5532,13.3333
아주대,N,M6,M,팬데믹 대비 범용 백신·신속 대응 플랫폼,2021-2025,14,2.029,0.8625,,2,25,0.3662,0.2653,1.7449,0.0
아주대,N,M7,M,항생제 내성 극복 (신규 항균제·대체요법),2021-2025,26,1.6796,0.714,13.0435,9,27,0.1991,0.5996,1.5272,11.1111
아주대,N,M8,M,생체 내 유전자치료·유전자편집,2021-2025,60,2.4291,1.0326,25.0,16,33,0.3788,1.6,1.1913,40.0
아주대,N,M9,M,"세포치료 플랫폼 (고형암·자가면역 CAR-T, iPSC 유래 치료)",2021-2025,19,3.4111,1.4501,533.3333,7,44,0.2774,1.3573,1.2489,14.2857
아주대,N,M10,M,장기 재생·이종장기·인공장기,2021-2025,9,1.0181,0.4328,-78.5714,1,74,0.3774,1.1039,1.2601,0.0
아주대,N,M11,M,노쇠·노화 중재 (geroscience),2021-2025,65,3.3889,1.4406,195.4545,25,33,0.732,2.2054,2.0007,44.0
아주대,N,R1,R,희귀질환 분야 수준 (R-1: 정책·진단체계·유전체 진단·희귀의약품),2021-2025,37,3.6239,1.5405,12.1212,1,42,0.1323,1.9678,1.2121,0.0
아주대,N,RG1,R,신경계 희귀질환,2021-2025,4,1.087,0.4621,0.0,1,,0.184,0.1088,,0.0
아주대,N,RG2,R,신경발달·뇌전증뇌병증,2021-2025,2,1.9417,0.8254,0.0,1,,0.2744,1.2997,,0.0
아주대,N,RG3,R,신경근육,2021-2025,6,2.2642,0.9625,100.0,2,,0.164,0.184,,0.0
아주대,N,RG4,R,대사·리소좀축적병,2021-2025,29,6.0543,2.5737,61.1111,3,,0.4659,0.6948,,0.0
아주대,N,RG5,R,미토콘드리아,2021-2025,2,1.7391,0.7393,,0,,0.0,,,
아주대,N,RG6,R,혈액·응고,2021-2025,5,3.3784,1.4361,25.0,1,,0.047,0.0,,0.0
아주대,N,RG7,R,면역·전신류마티스,2021-2025,23,4.2279,1.7973,-20.6897,0,,0.0,,,
아주대,N,RG8,R,안과,2021-2025,3,2.2388,0.9517,200.0,1,,0.4214,4.1768,,100.0
아주대,N,RG9,R,피부·결합조직·골격,2021-2025,3,3.9474,1.678,50.0,0,,0.0,,,
아주대,N,RG10,R,신장·비뇨기,2021-2025,5,3.8462,1.635,400.0,0,,0.0,,,
아주대,N,RG11,R,내분비·성장·염색체,2021-2025,5,6.8493,2.9116,150.0,1,,0.3169,0.0,,0.0
아주대,N,RG12,R,심장·순환기,2021-2025,8,2.974,1.2642,100.0,2,,0.1769,0.0,,0.0
아주대,N,RG13,R,희귀암·소아암,2021-2025,4,0.7055,0.2999,-20.0,1,,0.0574,0.3979,,0.0
아주대,N,RG14,R,미진단·극희귀,2021-2025,2,5.7143,2.4291,100.0,0,,0.0,,,
아주대,N,RG15,R,이비인후과,2021-2025,26,6.9519,2.9552,-13.3333,0,,0.0,,,
아주대,N,RG16,R,간·소화기,2021-2025,1,1.0309,0.4382,,1,,0.4478,0.2103,,0.0
아주대,N,RG17,R,호흡기,2021-2025,1,0.885,0.3762,0.0,0,,0.0,,,
아주대,N,P3,P,RNA·올리고뉴클레오타이드 치료 (희귀질환 교차 플랫폼),2021-2025,31,2.5061,1.0653,-31.1111,0,,0.0,,,
아주대,N,P4,P,효소대체요법·분자표적 정밀치료 (희귀질환 고유),2021-2025,6,13.9535,5.9316,20.0,0,,0.0,,,
아주대,N,P5,P,유전체 진단·신생아선별검사 (희귀질환 고유),2021-2025,47,3.1778,1.3509,80.7692,6,,0.5511,1.0966,,33.3333
이화여대,N,M1,M,알츠하이머·신경퇴행질환 질병조절 치료,2021-2025,140,3.4255,1.1318,44.3299,49,122,0.4033,2.2019,1.9633,38.7755
이화여대,N,M2,M,난치암 근본치료 (췌장암·교모세포종·담도암·소세포폐암),2021-2025,124,2.6227,0.8665,33.3333,20,23,0.1977,1.7996,1.1286,25.0
이화여대,N,M3,M,암 조기발견 (다중암 조기검출·액체생검),2021-2025,44,3.3511,1.1072,4.7619,5,10,0.1761,0.2855,2.0659,0.0
이화여대,N,M4,M,중추신경 손상 회복 (척수손상·신경재생·뇌-기계 인터페이스),2021-2025,3,1.2448,0.4113,50.0,0,31,0.0,,1.8123,
이화여대,N,M5,M,중증 정신질환 정밀치료 (치료저항성 우울증·조현병·자살),2021-2025,8,1.518,0.5015,33.3333,23,5,0.3111,1.3274,0.34,21.7391
이화여대,N,M6,M,팬데믹 대비 범용 백신·신속 대응 플랫폼,2021-2025,31,4.4928,1.4844,210.0,4,27,0.7325,2.4767,0.6949,75.0
이화여대,N,M7,M,항생제 내성 극복 (신규 항균제·대체요법),2021-2025,40,2.584,0.8537,25.0,10,35,0.2213,1.1039,0.9553,20.0
이화여대,N,M8,M,생체 내 유전자치료·유전자편집,2021-2025,80,3.2389,1.0701,-2.439,13,15,0.3078,2.1959,1.7408,46.1538
이화여대,N,M9,M,"세포치료 플랫폼 (고형암·자가면역 CAR-T, iPSC 유래 치료)",2021-2025,7,1.2567,0.4152,250.0,2,44,0.0793,4.0634,1.1627,50.0
이화여대,N,M10,M,장기 재생·이종장기·인공장기,2021-2025,19,2.1493,0.7101,11.7647,3,48,1.1321,4.2499,1.7586,100.0
이화여대,N,M11,M,노쇠·노화 중재 (geroscience),2021-2025,47,2.4505,0.8096,123.8095,24,27,0.7027,1.3964,1.8289,25.0
이화여대,N,R1,R,희귀질환 분야 수준 (R-1: 정책·진단체계·유전체 진단·희귀의약품),2021-2025,29,2.8404,0.9384,11.5385,2,26,0.2647,4.921,1.8497,50.0
이화여대,N,RG1,R,신경계 희귀질환,2021-2025,11,2.9891,0.9876,57.1429,1,,0.184,0.0,,0.0
이화여대,N,RG2,R,신경발달·뇌전증뇌병증,2021-2025,2,1.9417,0.6415,0.0,1,,0.2744,0.3578,,0.0
이화여대,N,RG3,R,신경근육,2021-2025,10,3.7736,1.2468,-54.5455,2,,0.164,0.5738,,0.0
이화여대,N,RG4,R,대사·리소좀축적병,2021-2025,17,3.5491,1.1726,41.6667,1,,0.1553,0.0,,0.0
이화여대,N,RG5,R,미토콘드리아,2021-2025,0,0.0,0.0,-100.0,0,,0.0,,,
이화여대,N,RG6,R,혈액·응고,2021-2025,7,4.7297,1.5627,40.0,1,,0.047,4.8708,,100.0
이화여대,N,RG7,R,면역·전신류마티스,2021-2025,22,4.0441,1.3362,100.0,0,,0.0,,,
이화여대,N,RG8,R,안과,2021-2025,0,0.0,0.0,-100.0,0,,0.0,,,
이화여대,N,RG9,R,피부·결합조직·골격,2021-2025,1,1.3158,0.4347,0.0,0,,0.0,,,
이화여대,N,RG10,R,신장·비뇨기,2021-2025,9,6.9231,2.2873,80.0,0,,0.0,,,
이화여대,N,RG11,R,내분비·성장·염색체,2021-2025,3,4.1096,1.3578,200.0,4,,1.2674,0.2321,,0.0
이화여대,N,RG12,R,심장·순환기,2021-2025,2,0.7435,0.2456,-77.7778,0,,0.0,,,
이화여대,N,RG13,R,희귀암·소아암,2021-2025,8,1.4109,0.4662,-27.2727,1,,0.0574,0.7958,,0.0
이화여대,N,RG14,R,미진단·극희귀,2021-2025,1,2.8571,0.944,0.0,0,,0.0,,,
이화여대,N,RG15,R,이비인후과,2021-2025,11,2.9412,0.9717,1000.0,5,,1.9425,0.7129,,0.0
이화여대,N,RG16,R,간·소화기,2021-2025,4,4.1237,1.3625,300.0,0,,0.0,,,
이화여대,N,RG17,R,호흡기,2021-2025,2,1.7699,0.5848,100.0,0,,0.0,,,
이화여대,N,P3,P,RNA·올리고뉴클레오타이드 치료 (희귀질환 교차 플랫폼),2021-2025,54,4.3654,1.4423,-41.3043,6,,1.1723,1.6468,,33.3333
이화여대,N,P4,P,효소대체요법·분자표적 정밀치료 (희귀질환 고유),2021-2025,1,2.3256,0.7684,-50.0,0,,0.0,,,
이화여대,N,P5,P,유전체 진단·신생아선별검사 (희귀질환 고유),2021-2025,33,2.2312,0.7372,6.4516,3,,0.2755,2.0436,,33.3333
중앙대,Y,M1,M,알츠하이머·신경퇴행질환 질병조절 치료,2021-2025,161,3.9393,1.1097,98.7654,32,69,0.2634,3.5273,2.2001,31.25
중앙대,Y,M2,M,난치암 근본치료 (췌장암·교모세포종·담도암·소세포폐암),2021-2025,128,2.7073,0.7626,52.381,29,23,0.2867,2.1263,0.4255,24.1379
중앙대,Y,M3,M,암 조기발견 (다중암 조기검출·액체생검),2021-2025,51,3.8842,1.0942,37.8378,10,7,0.3522,1.7643,1.2892,60.0
중앙대,Y,M4,M,중추신경 손상 회복 (척수손상·신경재생·뇌-기계 인터페이스),2021-2025,10,4.1494,1.1689,100.0,0,25,0.0,,1.8546,
중앙대,Y,M5,M,중증 정신질환 정밀치료 (치료저항성 우울증·조현병·자살),2021-2025,9,1.7078,0.4811,-25.0,22,6,0.2976,1.7153,0.7106,31.8182
중앙대,Y,M6,M,팬데믹 대비 범용 백신·신속 대응 플랫폼,2021-2025,24,3.4783,0.9798,,3,29,0.5493,1.4761,2.1218,33.3333
중앙대,Y,M7,M,항생제 내성 극복 (신규 항균제·대체요법),2021-2025,89,5.7494,1.6196,81.6327,16,44,0.354,2.6214,2.8455,33.3333
중앙대,Y,M8,M,생체 내 유전자치료·유전자편집,2021-2025,107,4.332,1.2203,37.1795,51,71,1.2074,1.3922,1.2828,23.5294
중앙대,Y,M9,M,"세포치료 플랫폼 (고형암·자가면역 CAR-T, iPSC 유래 치료)",2021-2025,18,3.2316,0.9103,100.0,3,38,0.1189,1.1739,1.9278,0.0
중앙대,Y,M10,M,장기 재생·이종장기·인공장기,2021-2025,22,2.4887,0.7011,-24.1379,1,79,0.3774,0.0,1.8692,0.0
중앙대,Y,M11,M,노쇠·노화 중재 (geroscience),2021-2025,87,4.536,1.2778,190.0,25,22,0.732,1.4651,1.8157,28.0
중앙대,Y,R1,R,희귀질환 분야 수준 (R-1: 정책·진단체계·유전체 진단·희귀의약품),2021-2025,35,3.428,0.9657,29.6296,4,22,0.5294,1.1589,1.427,25.0
중앙대,Y,RG1,R,신경계 희귀질환,2021-2025,7,1.9022,0.5358,-12.5,1,,0.184,0.0,,0.0
중앙대,Y,RG2,R,신경발달·뇌전증뇌병증,2021-2025,2,1.9417,0.547,100.0,0,,0.0,,,
중앙대,Y,RG3,R,신경근육,2021-2025,8,3.0189,0.8504,0.0,1,,0.082,0.3466,,0.0
중앙대,Y,RG4,R,대사·리소좀축적병,2021-2025,18,3.7578,1.0586,5.8824,0,,0.0,,,
중앙대,Y,RG5,R,미토콘드리아,2021-2025,2,1.7391,0.4899,-33.3333,0,,0.0,,,
중앙대,Y,RG6,R,혈액·응고,2021-2025,3,2.027,0.571,-62.5,0,,0.0,,,
중앙대,Y,RG7,R,면역·전신류마티스,2021-2025,14,2.5735,0.725,55.5556,0,,0.0,,,
중앙대,Y,RG8,R,안과,2021-2025,7,5.2239,1.4716,,1,,0.4214,0.3979,,0.0
중앙대,Y,RG9,R,피부·결합조직·골격,2021-2025,1,1.3158,0.3707,-50.0,0,,0.0,,,
중앙대,Y,RG10,R,신장·비뇨기,2021-2025,1,0.7692,0.2167,,0,,0.0,,,
중앙대,Y,RG11,R,내분비·성장·염색체,2021-2025,0,0.0,0.0,-100.0,0,,0.0,,,
중앙대,Y,RG12,R,심장·순환기,2021-2025,18,6.6914,1.885,125.0,3,,0.2653,0.5886,,0.0
중앙대,Y,RG13,R,희귀암·소아암,2021-2025,15,2.6455,0.7452,36.3636,2,,0.1147,0.6877,,0.0
중앙대,Y,RG14,R,미진단·극희귀,2021-2025,0,0.0,0.0,,0,,0.0,,,
중앙대,Y,RG15,R,이비인후과,2021-2025,2,0.5348,0.1506,-84.6154,0,,0.0,,,
중앙대,Y,RG16,R,간·소화기,2021-2025,1,1.0309,0.2904,0.0,0,,0.0,,,
중앙대,Y,RG17,R,호흡기,2021-2025,4,3.5398,0.9972,33.3333,1,,0.0739,8.9701,,100.0
중앙대,Y,P3,P,RNA·올리고뉴클레오타이드 치료 (희귀질환 교차 플랫폼),2021-2025,69,5.578,1.5713,-9.2105,2,,0.3908,0.6412,,0.0
중앙대,Y,P4,P,효소대체요법·분자표적 정밀치료 (희귀질환 고유),2021-2025,4,9.3023,2.6205,-33.3333,0,,0.0,,,
중앙대,Y,P5,P,유전체 진단·신생아선별검사 (희귀질환 고유),2021-2025,43,2.9074,0.819,72.0,3,,0.2755,0.0,,0.0
충남대,Y,M1,M,알츠하이머·신경퇴행질환 질병조절 치료,2021-2025,140,3.4255,1.034,33.3333,31,111,0.2551,1.9205,1.3275,22.5806
충남대,Y,M2,M,난치암 근본치료 (췌장암·교모세포종·담도암·소세포폐암),2021-2025,150,3.1726,0.9576,50.0,33,24,0.3263,1.1281,0.5669,24.2424
충남대,Y,M3,M,암 조기발견 (다중암 조기검출·액체생검),2021-2025,27,2.0564,0.6207,80.0,3,7,0.1057,2.2338,0.806,66.6667
충남대,Y,M4,M,중추신경 손상 회복 (척수손상·신경재생·뇌-기계 인터페이스),2021-2025,1,0.4149,0.1252,-80.0,1,36,0.2762,1.3092,2.4088,0.0
충남대,Y,M5,M,중증 정신질환 정밀치료 (치료저항성 우울증·조현병·자살),2021-2025,12,2.277,0.6873,300.0,14,12,0.1894,0.6438,0.3955,14.2857
충남대,Y,M6,M,팬데믹 대비 범용 백신·신속 대응 플랫폼,2021-2025,34,4.9275,1.4874,385.7143,2,37,0.3662,0.7599,0.9868,0.0
충남대,Y,M7,M,항생제 내성 극복 (신규 항균제·대체요법),2021-2025,65,4.199,1.2675,62.5,17,40,0.3762,1.5879,1.3273,25.0
충남대,Y,M8,M,생체 내 유전자치료·유전자편집,2021-2025,97,3.9271,1.1854,25.974,19,73,0.4498,1.6758,0.8778,21.0526
충남대,Y,M9,M,"세포치료 플랫폼 (고형암·자가면역 CAR-T, iPSC 유래 치료)",2021-2025,11,1.9749,0.5961,266.6667,4,50,0.1585,2.1175,1.2951,50.0
충남대,Y,M10,M,장기 재생·이종장기·인공장기,2021-2025,28,3.1674,0.9561,75.0,2,104,0.7547,2.2906,1.0814,50.0
충남대,Y,M11,M,노쇠·노화 중재 (geroscience),2021-2025,79,4.1189,1.2433,132.3529,11,23,0.3221,1.3282,2.4187,27.2727
충남대,Y,R1,R,희귀질환 분야 수준 (R-1: 정책·진단체계·유전체 진단·희귀의약품),2021-2025,38,3.7218,1.1234,26.6667,0,27,0.0,,1.9372,
충남대,Y,RG1,R,신경계 희귀질환,2021-2025,19,5.163,1.5585,280.0,2,,0.3679,0.3455,,0.0
충남대,Y,RG2,R,신경발달·뇌전증뇌병증,2021-2025,3,2.9126,0.8792,50.0,0,,0.0,,,
충남대,Y,RG3,R,신경근육,2021-2025,9,3.3962,1.0252,80.0,2,,0.164,2.2649,,50.0
충남대,Y,RG4,R,대사·리소좀축적병,2021-2025,15,3.1315,0.9453,-16.6667,0,,0.0,,,
충남대,Y,RG5,R,미토콘드리아,2021-2025,8,6.9565,2.0998,166.6667,1,,0.7027,0.0,,0.0
충남대,Y,RG6,R,혈액·응고,2021-2025,2,1.3514,0.4079,-66.6667,0,,0.0,,,
충남대,Y,RG7,R,면역·전신류마티스,2021-2025,15,2.7574,0.8323,15.3846,0,,0.0,,,
충남대,Y,RG8,R,안과,2021-2025,3,2.2388,0.6758,,1,,0.4214,0.0,,0.0
충남대,Y,RG9,R,피부·결합조직·골격,2021-2025,1,1.3158,0.3972,,0,,0.0,,,
충남대,Y,RG10,R,신장·비뇨기,2021-2025,9,6.9231,2.0897,28.5714,0,,0.0,,,
충남대,Y,RG11,R,내분비·성장·염색체,2021-2025,1,1.3699,0.4135,-50.0,0,,0.0,,,
충남대,Y,RG12,R,심장·순환기,2021-2025,12,4.461,1.3465,9.0909,1,,0.0884,2.1626,,100.0
충남대,Y,RG13,R,희귀암·소아암,2021-2025,16,2.8219,0.8518,6.6667,3,,0.1721,0.5513,,0.0
충남대,Y,RG14,R,미진단·극희귀,2021-2025,2,5.7143,1.7249,100.0,0,,0.0,,,
충남대,Y,RG15,R,이비인후과,2021-2025,24,6.4171,1.937,9.0909,2,,0.777,3.7478,,100.0
충남대,Y,RG16,R,간·소화기,2021-2025,0,0.0,0.0,,0,,0.0,,,
충남대,Y,RG17,R,호흡기,2021-2025,3,2.6549,0.8014,0.0,0,,0.0,,,
충남대,Y,P3,P,RNA·올리고뉴클레오타이드 치료 (희귀질환 교차 플랫폼),2021-2025,51,4.1229,1.2445,-19.0476,5,,0.9769,2.3953,,40.0
충남대,Y,P4,P,효소대체요법·분자표적 정밀치료 (희귀질환 고유),2021-2025,1,2.3256,0.702,-50.0,0,,0.0,,,
충남대,Y,P5,P,유전체 진단·신생아선별검사 (희귀질환 고유),2021-2025,43,2.9074,0.8776,7.5,3,,0.2755,1.745,,33.3333
가천대,Y,M1,M,알츠하이머·신경퇴행질환 질병조절 치료,2021-2025,270,6.6063,2.2041,71.9745,162,282,1.3333,2.8532,2.0485,38.2716
가천대,Y,M2,M,난치암 근본치료 (췌장암·교모세포종·담도암·소세포폐암),2021-2025,118,2.4958,0.8327,-9.2308,73,62,0.7218,1.7946,1.236,30.137
가천대,Y,M3,M,암 조기발견 (다중암 조기검출·액체생검),2021-2025,27,2.0564,0.6861,3.8462,9,49,0.317,1.3983,3.1733,44.4444
가천대,Y,M4,M,중추신경 손상 회복 (척수손상·신경재생·뇌-기계 인터페이스),2021-2025,6,2.4896,0.8306,100.0,2,85,0.5523,2.5776,3.1605,100.0
가천대,Y,M5,M,중증 정신질환 정밀치료 (치료저항성 우울증·조현병·자살),2021-2025,27,5.1233,1.7094,28.5714,61,19,0.8251,1.2961,1.3971,21.6667
가천대,Y,M6,M,팬데믹 대비 범용 백신·신속 대응 플랫폼,2021-2025,36,5.2174,1.7407,,7,38,1.2818,1.0827,2.0879,0.0
가천대,Y,M7,M,항생제 내성 극복 (신규 항균제·대체요법),2021-2025,35,2.261,0.7544,84.2105,17,32,0.3762,1.611,1.7753,23.5294
가천대,Y,M8,M,생체 내 유전자치료·유전자편집,2021-2025,87,3.5223,1.1752,31.8182,20,28,0.4735,2.7573,1.3434,30.0
가천대,Y,M9,M,"세포치료 플랫폼 (고형암·자가면역 CAR-T, iPSC 유래 치료)",2021-2025,10,1.7953,0.599,900.0,8,43,0.317,2.8659,1.5594,37.5
가천대,Y,M10,M,장기 재생·이종장기·인공장기,2021-2025,25,2.8281,0.9436,31.5789,7,148,2.6415,1.3518,1.6167,28.5714
가천대,Y,M11,M,노쇠·노화 중재 (geroscience),2021-2025,79,4.1189,1.3742,97.5,57,52,1.6689,1.9309,2.1164,31.5789
가천대,Y,R1,R,희귀질환 분야 수준 (R-1: 정책·진단체계·유전체 진단·희귀의약품),2021-2025,32,3.1342,1.0457,23.0769,0,48,0.0,,1.8142,
가천대,Y,RG1,R,신경계 희귀질환,2021-2025,9,2.4457,0.816,12.5,1,,0.184,0.0,,0.0
가천대,Y,RG2,R,신경발달·뇌전증뇌병증,2021-2025,4,3.8835,1.2957,-33.3333,1,,0.2744,2.3149,,100.0
가천대,Y,RG3,R,신경근육,2021-2025,2,0.7547,0.2518,-50.0,1,,0.082,0.0,,0.0
가천대,Y,RG4,R,대사·리소좀축적병,2021-2025,21,4.3841,1.4627,61.5385,2,,0.3106,0.8944,,0.0
가천대,Y,RG5,R,미토콘드리아,2021-2025,2,1.7391,0.5802,-50.0,0,,0.0,,,
가천대,Y,RG6,R,혈액·응고,2021-2025,7,4.7297,1.578,16.6667,9,,0.4234,7.94,,55.5556
가천대,Y,RG7,R,면역·전신류마티스,2021-2025,8,1.4706,0.4907,-27.2727,0,,0.0,,,
가천대,Y,RG8,R,안과,2021-2025,0,0.0,0.0,,0,,0.0,,,
가천대,Y,RG9,R,피부·결합조직·골격,2021-2025,0,0.0,0.0,-100.0,0,,0.0,,,
가천대,Y,RG10,R,신장·비뇨기,2021-2025,5,3.8462,1.2832,150.0,4,,1.3197,1.4797,,50.0
가천대,Y,RG11,R,내분비·성장·염색체,2021-2025,2,2.7397,0.9141,100.0,0,,0.0,,,
가천대,Y,RG12,R,심장·순환기,2021-2025,17,6.3197,2.1085,70.0,12,,1.0611,0.9758,,16.6667
가천대,Y,RG13,R,희귀암·소아암,2021-2025,32,5.6437,1.883,3.2258,13,,0.7458,2.0631,,30.7692
가천대,Y,RG14,R,미진단·극희귀,2021-2025,0,0.0,0.0,-100.0,0,,0.0,,,
가천대,Y,RG15,R,이비인후과,2021-2025,5,1.3369,0.446,-50.0,1,,0.3885,0.1693,,0.0
가천대,Y,RG16,R,간·소화기,2021-2025,3,3.0928,1.0319,,2,,0.8957,5.5478,,100.0
가천대,Y,RG17,R,호흡기,2021-2025,2,1.7699,0.5905,0.0,0,,0.0,,,
가천대,Y,P3,P,RNA·올리고뉴클레오타이드 치료 (희귀질환 교차 플랫폼),2021-2025,48,3.8804,1.2947,-14.2857,2,,0.3908,1.3718,,0.0
가천대,Y,P4,P,효소대체요법·분자표적 정밀치료 (희귀질환 고유),2021-2025,1,2.3256,0.7759,,0,,0.0,,,
가천대,Y,P5,P,유전체 진단·신생아선별검사 (희귀질환 고유),2021-2025,29,1.9608,0.6542,0.0,4,,0.3674,0.7967,,0.0
한림대,N,M1,M,알츠하이머·신경퇴행질환 질병조절 치료,2021-2025,178,4.3553,1.415,95.6044,72,115,0.5926,1.7725,1.661,29.1667
한림대,N,M2,M,난치암 근본치료 (췌장암·교모세포종·담도암·소세포폐암),2021-2025,150,3.1726,1.0307,11.1111,23,27,0.2274,1.1831,1.3201,9.0909
한림대,N,M3,M,암 조기발견 (다중암 조기검출·액체생검),2021-2025,43,3.2749,1.064,48.2759,3,22,0.1057,1.6912,2.2946,33.3333
한림대,N,M4,M,중추신경 손상 회복 (척수손상·신경재생·뇌-기계 인터페이스),2021-2025,7,2.9046,0.9436,-12.5,1,44,0.2762,0.935,1.4868,0.0
한림대,N,M5,M,중증 정신질환 정밀치료 (치료저항성 우울증·조현병·자살),2021-2025,16,3.0361,0.9864,128.5714,21,8,0.284,3.5522,6.1897,19.0476
한림대,N,M6,M,팬데믹 대비 범용 백신·신속 대응 플랫폼,2021-2025,32,4.6377,1.5067,,0,30,0.0,,1.9803,
한림대,N,M7,M,항생제 내성 극복 (신규 항균제·대체요법),2021-2025,70,4.522,1.4691,70.7317,16,33,0.354,0.7352,1.1285,0.0
한림대,N,M8,M,생체 내 유전자치료·유전자편집,2021-2025,41,1.6599,0.5393,-4.6512,2,16,0.0473,2.983,2.4832,50.0
한림대,N,M9,M,"세포치료 플랫폼 (고형암·자가면역 CAR-T, iPSC 유래 치료)",2021-2025,10,1.7953,0.5833,100.0,1,13,0.0396,3.5686,1.5711,100.0
한림대,N,M10,M,장기 재생·이종장기·인공장기,2021-2025,41,4.638,1.5068,-22.6415,3,54,1.1321,1.4337,1.3991,66.6667
한림대,N,M11,M,노쇠·노화 중재 (geroscience),2021-2025,64,3.3368,1.0841,93.9394,18,24,0.527,0.8601,0.9204,16.6667
한림대,N,R1,R,희귀질환 분야 수준 (R-1: 정책·진단체계·유전체 진단·희귀의약품),2021-2025,37,3.6239,1.1773,60.8696,0,25,0.0,,3.0171,
한림대,N,RG1,R,신경계 희귀질환,2021-2025,17,4.6196,1.5008,-10.5263,0,,0.0,,,
한림대,N,RG2,R,신경발달·뇌전증뇌병증,2021-2025,0,0.0,0.0,-100.0,0,,0.0,,,
한림대,N,RG3,R,신경근육,2021-2025,6,2.2642,0.7356,-45.4545,1,,0.082,0.0,,0.0
한림대,N,RG4,R,대사·리소좀축적병,2021-2025,21,4.3841,1.4243,75.0,0,,0.0,,,
한림대,N,RG5,R,미토콘드리아,2021-2025,1,0.8696,0.2825,,0,,0.0,,,
한림대,N,RG6,R,혈액·응고,2021-2025,4,2.7027,0.8781,0.0,0,,0.0,,,
한림대,N,RG7,R,면역·전신류마티스,2021-2025,8,1.4706,0.4778,-55.5556,0,,0.0,,,
한림대,N,RG8,R,안과,2021-2025,2,1.4925,0.4849,,0,,0.0,,,
한림대,N,RG9,R,피부·결합조직·골격,2021-2025,2,2.6316,0.855,,0,,0.0,,,
한림대,N,RG10,R,신장·비뇨기,2021-2025,20,15.3846,4.9982,53.8462,1,,0.3299,1.2054,,0.0
한림대,N,RG11,R,내분비·성장·염색체,2021-2025,3,4.1096,1.3351,-25.0,0,,0.0,,,
한림대,N,RG12,R,심장·순환기,2021-2025,5,1.8587,0.6039,25.0,0,,0.0,,,
한림대,N,RG13,R,희귀암·소아암,2021-2025,14,2.4691,0.8022,-12.5,4,,0.2295,0.5845,,0.0
한림대,N,RG14,R,미진단·극희귀,2021-2025,0,0.0,0.0,,0,,0.0,,,
한림대,N,RG15,R,이비인후과,2021-2025,31,8.2888,2.6929,-39.2157,3,,1.1655,0.589,,0.0
한림대,N,RG16,R,간·소화기,2021-2025,2,2.0619,0.6699,0.0,0,,0.0,,,
한림대,N,RG17,R,호흡기,2021-2025,21,18.5841,6.0377,320.0,2,,0.1478,3.3391,,50.0
한림대,N,P3,P,RNA·올리고뉴클레오타이드 치료 (희귀질환 교차 플랫폼),2021-2025,36,2.9103,0.9455,-33.3333,2,,0.3908,2.983,,50.0
한림대,N,P4,P,효소대체요법·분자표적 정밀치료 (희귀질환 고유),2021-2025,0,0.0,0.0,,0,,0.0,,,
한림대,N,P5,P,유전체 진단·신생아선별검사 (희귀질환 고유),2021-2025,43,2.9074,0.9446,22.8571,0,,0.0,,,
건국대,Y,M1,M,알츠하이머·신경퇴행질환 질병조절 치료,2021-2025,190,4.6489,1.7454,21.7949,75,148,0.6173,3.0756,1.9679,42.6667
건국대,Y,M2,M,난치암 근본치료 (췌장암·교모세포종·담도암·소세포폐암),2021-2025,93,1.967,0.7385,-11.4286,41,35,0.4054,4.2529,1.5447,36.5854
건국대,Y,M3,M,암 조기발견 (다중암 조기검출·액체생검),2021-2025,40,3.0465,1.1438,42.8571,15,6,0.5284,9.4781,2.3277,40.0
건국대,Y,M4,M,중추신경 손상 회복 (척수손상·신경재생·뇌-기계 인터페이스),2021-2025,7,2.9046,1.0905,0.0,0,40,0.0,,1.5541,
건국대,Y,M5,M,중증 정신질환 정밀치료 (치료저항성 우울증·조현병·자살),2021-2025,8,1.518,0.5699,-20.0,24,15,0.3246,1.9223,1.3089,33.3333
건국대,Y,M6,M,팬데믹 대비 범용 백신·신속 대응 플랫폼,2021-2025,16,2.3188,0.8706,700.0,1,60,0.1831,0.5412,2.2242,0.0
건국대,Y,M7,M,항생제 내성 극복 (신규 항균제·대체요법),2021-2025,51,3.2946,1.237,8.5106,30,98,0.6638,1.9773,1.5447,24.1379
건국대,Y,M8,M,생체 내 유전자치료·유전자편집,2021-2025,58,2.3482,0.8816,-34.8315,24,95,0.5682,1.2019,1.4202,20.8333
건국대,Y,M9,M,"세포치료 플랫폼 (고형암·자가면역 CAR-T, iPSC 유래 치료)",2021-2025,24,4.3088,1.6178,-36.8421,18,78,0.7134,1.4108,1.5053,27.7778
건국대,Y,M10,M,장기 재생·이종장기·인공장기,2021-2025,26,2.9412,1.1043,-54.386,11,122,4.1509,0.965,1.7651,18.1818
건국대,Y,M11,M,노쇠·노화 중재 (geroscience),2021-2025,61,3.1804,1.1941,41.8605,34,36,0.9955,1.9386,1.9911,35.2941
건국대,Y,R1,R,희귀질환 분야 수준 (R-1: 정책·진단체계·유전체 진단·희귀의약품),2021-2025,13,1.2733,0.4781,-58.0645,1,29,0.1323,1.2054,1.3915,0.0
건국대,Y,RG1,R,신경계 희귀질환,2021-2025,17,4.6196,1.7344,30.7692,1,,0.184,0.0,,0.0
건국대,Y,RG2,R,신경발달·뇌전증뇌병증,2021-2025,4,3.8835,1.4581,,1,,0.2744,1.2054,,0.0
건국대,Y,RG3,R,신경근육,2021-2025,11,4.1509,1.5585,83.3333,3,,0.246,0.5695,,0.0
건국대,Y,RG4,R,대사·리소좀축적병,2021-2025,7,1.4614,0.5487,-50.0,0,,0.0,,,
건국대,Y,RG5,R,미토콘드리아,2021-2025,6,5.2174,1.9589,,0,,0.0,,,
건국대,Y,RG6,R,혈액·응고,2021-2025,0,0.0,0.0,,0,,0.0,,,
건국대,Y,RG7,R,면역·전신류마티스,2021-2025,8,1.4706,0.5521,-27.2727,0,,0.0,,,
건국대,Y,RG8,R,안과,2021-2025,2,1.4925,0.5604,,1,,0.4214,0.0,,0.0
건국대,Y,RG9,R,피부·결합조직·골격,2021-2025,0,0.0,0.0,,0,,0.0,,,
건국대,Y,RG10,R,신장·비뇨기,2021-2025,2,1.5385,0.5776,-33.3333,1,,0.3299,0.5761,,0.0
건국대,Y,RG11,R,내분비·성장·염색체,2021-2025,3,4.1096,1.543,50.0,1,,0.3169,0.0,,0.0
건국대,Y,RG12,R,심장·순환기,2021-2025,1,0.3717,0.1396,0.0,2,,0.1769,0.9677,,0.0
건국대,Y,RG13,R,희귀암·소아암,2021-2025,23,4.0564,1.523,-20.6897,7,,0.4016,0.8789,,14.2857
건국대,Y,RG14,R,미진단·극희귀,2021-2025,0,0.0,0.0,,0,,0.0,,,
건국대,Y,RG15,R,이비인후과,2021-2025,12,3.2086,1.2047,71.4286,2,,0.777,0.2427,,0.0
건국대,Y,RG16,R,간·소화기,2021-2025,1,1.0309,0.3871,0.0,1,,0.4478,1.3214,,0.0
건국대,Y,RG17,R,호흡기,2021-2025,7,6.1947,2.3258,250.0,0,,0.0,,,
건국대,Y,P3,P,RNA·올리고뉴클레오타이드 치료 (희귀질환 교차 플랫폼),2021-2025,36,2.9103,1.0927,-59.5506,7,,1.3677,0.6868,,14.2857
건국대,Y,P4,P,효소대체요법·분자표적 정밀치료 (희귀질환 고유),2021-2025,0,0.0,0.0,,0,,0.0,,,
건국대,Y,P5,P,유전체 진단·신생아선별검사 (희귀질환 고유),2021-2025,56,3.7863,1.4216,30.2326,14,,1.2858,1.4398,,14.2857
인하대,N,M1,M,알츠하이머·신경퇴행질환 질병조절 치료,2021-2025,119,2.9117,1.6054,105.1724,23,35,0.1893,4.0146,3.0922,47.8261
인하대,N,M2,M,난치암 근본치료 (췌장암·교모세포종·담도암·소세포폐암),2021-2025,107,2.2631,1.2478,22.9885,24,13,0.2373,1.3767,0.8613,29.1667
인하대,N,M3,M,암 조기발견 (다중암 조기검출·액체생검),2021-2025,16,1.2186,0.6719,-11.1111,8,7,0.2818,1.7497,1.3245,25.0
인하대,N,M4,M,중추신경 손상 회복 (척수손상·신경재생·뇌-기계 인터페이스),2021-2025,3,1.2448,0.6864,-25.0,0,22,0.0,,2.4801,
인하대,N,M5,M,중증 정신질환 정밀치료 (치료저항성 우울증·조현병·자살),2021-2025,7,1.3283,0.7324,133.3333,5,6,0.0676,0.8062,0.2355,20.0
인하대,N,M6,M,팬데믹 대비 범용 백신·신속 대응 플랫폼,2021-2025,18,2.6087,1.4384,800.0,0,4,0.0,,1.1298,
인하대,N,M7,M,항생제 내성 극복 (신규 항균제·대체요법),2021-2025,12,0.7752,0.4274,-29.4118,6,16,0.1328,0.837,1.1898,16.6667
인하대,N,M8,M,생체 내 유전자치료·유전자편집,2021-2025,38,1.5385,0.8483,35.7143,5,19,0.1184,1.5108,1.6495,20.0
인하대,N,M9,M,"세포치료 플랫폼 (고형암·자가면역 CAR-T, iPSC 유래 치료)",2021-2025,5,0.8977,0.4949,150.0,1,24,0.0396,2.3791,1.9455,100.0
인하대,N,M10,M,장기 재생·이종장기·인공장기,2021-2025,9,1.0181,0.5614,-47.0588,0,50,0.0,,1.1225,
인하대,N,M11,M,노쇠·노화 중재 (geroscience),2021-2025,47,2.4505,1.3511,51.6129,14,24,0.4099,3.6027,1.3515,57.1429
인하대,N,R1,R,희귀질환 분야 수준 (R-1: 정책·진단체계·유전체 진단·희귀의약품),2021-2025,23,2.2527,1.2421,9.5238,0,16,0.0,,0.545,
인하대,N,RG1,R,신경계 희귀질환,2021-2025,8,2.1739,1.1986,60.0,2,,0.3679,0.6099,,0.0
인하대,N,RG2,R,신경발달·뇌전증뇌병증,2021-2025,0,0.0,0.0,-100.0,0,,0.0,,,
인하대,N,RG3,R,신경근육,2021-2025,4,1.5094,0.8323,-33.3333,0,,0.0,,,
인하대,N,RG4,R,대사·리소좀축적병,2021-2025,10,2.0877,1.1511,-16.6667,1,,0.1553,0.4248,,0.0
인하대,N,RG5,R,미토콘드리아,2021-2025,0,0.0,0.0,,0,,0.0,,,
인하대,N,RG6,R,혈액·응고,2021-2025,6,4.0541,2.2353,100.0,1,,0.047,1.1937,,0.0
인하대,N,RG7,R,면역·전신류마티스,2021-2025,7,1.2868,0.7095,-65.0,0,,0.0,,,
인하대,N,RG8,R,안과,2021-2025,0,0.0,0.0,,0,,0.0,,,
인하대,N,RG9,R,피부·결합조직·골격,2021-2025,2,2.6316,1.451,,1,,0.1729,0.1865,,0.0
인하대,N,RG10,R,신장·비뇨기,2021-2025,4,3.0769,1.6965,-20.0,0,,0.0,,,
인하대,N,RG11,R,내분비·성장·염색체,2021-2025,4,5.4795,3.0212,33.3333,1,,0.3169,1.423,,0.0
인하대,N,RG12,R,심장·순환기,2021-2025,3,1.1152,0.6149,-50.0,2,,0.1769,5.3226,,50.0
인하대,N,RG13,R,희귀암·소아암,2021-2025,6,1.0582,0.5835,0.0,0,,0.0,,,
인하대,N,RG14,R,미진단·극희귀,2021-2025,2,5.7143,3.1507,0.0,0,,0.0,,,
인하대,N,RG15,R,이비인후과,2021-2025,3,0.8021,0.4423,50.0,0,,0.0,,,
인하대,N,RG16,R,간·소화기,2021-2025,3,3.0928,1.7053,,0,,0.0,,,
인하대,N,RG17,R,호흡기,2021-2025,3,2.6549,1.4638,200.0,1,,0.0739,0.0,,0.0
인하대,N,P3,P,RNA·올리고뉴클레오타이드 치료 (희귀질환 교차 플랫폼),2021-2025,20,1.6168,0.8915,-41.1765,1,,0.1954,1.3927,,0.0
인하대,N,P4,P,효소대체요법·분자표적 정밀치료 (희귀질환 고유),2021-2025,1,2.3256,1.2823,-80.0,0,,0.0,,,
인하대,N,P5,P,유전체 진단·신생아선별검사 (희귀질환 고유),2021-2025,28,1.8932,1.0438,75.0,0,,0.0,,,
전북대,N,M1,M,알츠하이머·신경퇴행질환 질병조절 치료,2021-2025,99,2.4223,0.8869,-1.0,25,60,0.2058,1.6719,1.5601,28.0
전북대,N,M2,M,난치암 근본치료 (췌장암·교모세포종·담도암·소세포폐암),2021-2025,62,1.3113,0.4801,16.9811,13,15,0.1285,1.073,0.4656,15.3846
전북대,N,M3,M,암 조기발견 (다중암 조기검출·액체생검),2021-2025,19,1.4471,0.5298,58.3333,4,3,0.1409,1.5245,0.509,25.0
전북대,N,M4,M,중추신경 손상 회복 (척수손상·신경재생·뇌-기계 인터페이스),2021-2025,0,0.0,0.0,-100.0,0,23,0.0,,1.6819,
전북대,N,M5,M,중증 정신질환 정밀치료 (치료저항성 우울증·조현병·자살),2021-2025,22,4.1746,1.5285,100.0,27,18,0.3652,1.9113,1.5818,22.2222
전북대,N,M6,M,팬데믹 대비 범용 백신·신속 대응 플랫폼,2021-2025,30,4.3478,1.5919,650.0,8,47,1.4649,1.7668,1.1976,25.0
전북대,N,M7,M,항생제 내성 극복 (신규 항균제·대체요법),2021-2025,52,3.3592,1.2299,-8.7719,22,57,0.4868,1.1747,1.04,22.7273
전북대,N,M8,M,생체 내 유전자치료·유전자편집,2021-2025,50,2.0243,0.7412,-10.7143,23,56,0.5445,1.6587,1.36,39.1304
전북대,N,M9,M,"세포치료 플랫폼 (고형암·자가면역 CAR-T, iPSC 유래 치료)",2021-2025,5,0.8977,0.3287,150.0,1,23,0.0396,1.2199,1.3603,0.0
전북대,N,M10,M,장기 재생·이종장기·인공장기,2021-2025,24,2.7149,0.994,-55.5556,0,136,0.0,,1.0433,
전북대,N,M11,M,노쇠·노화 중재 (geroscience),2021-2025,30,1.5641,0.5727,36.3636,8,12,0.2342,0.9657,1.7615,25.0
전북대,N,R1,R,희귀질환 분야 수준 (R-1: 정책·진단체계·유전체 진단·희귀의약품),2021-2025,33,3.2321,1.1834,0.0,0,18,0.0,,0.3272,
전북대,N,RG1,R,신경계 희귀질환,2021-2025,7,1.9022,0.6965,16.6667,1,,0.184,0.0,,0.0
전북대,N,RG2,R,신경발달·뇌전증뇌병증,2021-2025,1,0.9709,0.3555,,0,,0.0,,,
전북대,N,RG3,R,신경근육,2021-2025,21,7.9245,2.9015,425.0,6,,0.4919,0.5115,,16.6667
전북대,N,RG4,R,대사·리소좀축적병,2021-2025,10,2.0877,0.7644,0.0,0,,0.0,,,
전북대,N,RG5,R,미토콘드리아,2021-2025,0,0.0,0.0,-100.0,0,,0.0,,,
전북대,N,RG6,R,혈액·응고,2021-2025,3,2.027,0.7422,-57.1429,0,,0.0,,,
전북대,N,RG7,R,면역·전신류마티스,2021-2025,8,1.4706,0.5384,-52.9412,0,,0.0,,,
전북대,N,RG8,R,안과,2021-2025,1,0.7463,0.2732,0.0,0,,0.0,,,
전북대,N,RG9,R,피부·결합조직·골격,2021-2025,5,6.5789,2.4088,400.0,2,,0.3458,0.9094,,0.0
전북대,N,RG10,R,신장·비뇨기,2021-2025,4,3.0769,1.1266,300.0,1,,0.3299,0.0,,0.0
전북대,N,RG11,R,내분비·성장·염색체,2021-2025,3,4.1096,1.5047,,1,,0.3169,0.0,,0.0
전북대,N,RG12,R,심장·순환기,2021-2025,12,4.461,1.6333,300.0,3,,0.2653,0.9635,,0.0
전북대,N,RG13,R,희귀암·소아암,2021-2025,22,3.8801,1.4206,37.5,8,,0.459,1.4546,,25.0
전북대,N,RG14,R,미진단·극희귀,2021-2025,1,2.8571,1.0461,,0,,0.0,,,
전북대,N,RG15,R,이비인후과,2021-2025,10,2.6738,0.979,66.6667,2,,0.777,0.6203,,0.0
전북대,N,RG16,R,간·소화기,2021-2025,4,4.1237,1.5098,33.3333,0,,0.0,,,
전북대,N,RG17,R,호흡기,2021-2025,3,2.6549,0.972,200.0,0,,0.0,,,
전북대,N,P3,P,RNA·올리고뉴클레오타이드 치료 (희귀질환 교차 플랫폼),2021-2025,32,2.5869,0.9472,-58.4416,3,,0.5862,0.6594,,0.0
전북대,N,P4,P,효소대체요법·분자표적 정밀치료 (희귀질환 고유),2021-2025,0,0.0,0.0,-100.0,0,,0.0,,,
전북대,N,P5,P,유전체 진단·신생아선별검사 (희귀질환 고유),2021-2025,59,3.9892,1.4606,84.375,4,,0.3674,2.1082,,50.0
