category,scope,year,count
ALL,서울대,2016,6484
ALL,서울대,2017,6861
ALL,서울대,2018,7084
ALL,서울대,2019,7376
ALL,서울대,2020,8013
ALL,서울대,2021,8537
ALL,서울대,2022,7878
ALL,서울대,2023,7708
ALL,서울대,2024,8078
ALL,서울대,2025,8312
ALL,연세대,2016,4264
ALL,연세대,2017,4222
ALL,연세대,2018,4447
ALL,연세대,2019,4763
ALL,연세대,2020,5355
ALL,연세대,2021,5921
ALL,연세대,2022,5753
ALL,연세대,2023,5436
ALL,연세대,2024,5533
ALL,연세대,2025,5788
ALL,성균관대,2016,3452
ALL,성균관대,2017,3503
ALL,성균관대,2018,3559
ALL,성균관대,2019,3763
ALL,성균관대,2020,4004
ALL,성균관대,2021,4192
ALL,성균관대,2022,4127
ALL,성균관대,2023,4260
ALL,성균관대,2024,4314
ALL,성균관대,2025,4651
ALL,가톨릭대,2016,2160
ALL,가톨릭대,2017,2167
ALL,가톨릭대,2018,2215
ALL,가톨릭대,2019,2464
ALL,가톨릭대,2020,2672
ALL,가톨릭대,2021,2877
ALL,가톨릭대,2022,2673
ALL,가톨릭대,2023,2569
ALL,가톨릭대,2024,2658
ALL,가톨릭대,2025,2762
ALL,울산대,2016,2540
ALL,울산대,2017,2635
ALL,울산대,2018,2663
ALL,울산대,2019,2762
ALL,울산대,2020,3174
ALL,울산대,2021,3502
ALL,울산대,2022,3012
ALL,울산대,2023,2851
ALL,울산대,2024,2817
ALL,울산대,2025,2907
ALL,고려대,2016,3088
ALL,고려대,2017,3301
ALL,고려대,2018,3410
ALL,고려대,2019,3708
ALL,고려대,2020,4102
ALL,고려대,2021,4373
ALL,고려대,2022,4019
ALL,고려대,2023,3887
ALL,고려대,2024,4298
ALL,고려대,2025,4982
ALL,경희대,2016,1861
ALL,경희대,2017,1889
ALL,경희대,2018,2160
ALL,경희대,2019,2184
ALL,경희대,2020,2351
ALL,경희대,2021,2505
ALL,경희대,2022,2321
ALL,경희대,2023,2286
ALL,경희대,2024,2484
ALL,경희대,2025,2736
ALL,전남대,2016,1456
ALL,전남대,2017,1566
ALL,전남대,2018,1585
ALL,전남대,2019,1709
ALL,전남대,2020,1803
ALL,전남대,2021,2028
ALL,전남대,2022,1811
ALL,전남대,2023,1776
ALL,전남대,2024,1919
ALL,전남대,2025,1882
ALL,인제대,2016,1214
ALL,인제대,2017,1277
ALL,인제대,2018,1196
ALL,인제대,2019,1304
ALL,인제대,2020,1305
ALL,인제대,2021,1327
ALL,인제대,2022,1203
ALL,인제대,2023,1130
ALL,인제대,2024,1108
ALL,인제대,2025,1141
ALL,경북대,2016,1514
ALL,경북대,2017,1648
ALL,경북대,2018,1776
ALL,경북대,2019,1833
ALL,경북대,2020,2072
ALL,경북대,2021,2276
ALL,경북대,2022,2074
ALL,경북대,2023,1957
ALL,경북대,2024,1905
ALL,경북대,2025,2001
ALL,부산대,2016,1436
ALL,부산대,2017,1543
ALL,부산대,2018,1656
ALL,부산대,2019,1683
ALL,부산대,2020,1886
ALL,부산대,2021,2080
ALL,부산대,2022,1961
ALL,부산대,2023,1894
ALL,부산대,2024,1957
ALL,부산대,2025,2046
ALL,한양대,2016,1500
ALL,한양대,2017,1494
ALL,한양대,2018,1591
ALL,한양대,2019,1777
ALL,한양대,2020,1999
ALL,한양대,2021,2111
ALL,한양대,2022,2136
ALL,한양대,2023,1974
ALL,한양대,2024,2072
ALL,한양대,2025,2168
ALL,순천향대,2016,865
ALL,순천향대,2017,899
ALL,순천향대,2018,920
ALL,순천향대,2019,1042
ALL,순천향대,2020,1088
ALL,순천향대,2021,1158
ALL,순천향대,2022,1066
ALL,순천향대,2023,1136
ALL,순천향대,2024,1165
ALL,순천향대,2025,1175
ALL,아주대,2016,963
ALL,아주대,2017,920
ALL,아주대,2018,998
ALL,아주대,2019,1077
ALL,아주대,2020,1190
ALL,아주대,2021,1319
ALL,아주대,2022,1187
ALL,아주대,2023,1056
ALL,아주대,2024,1125
ALL,아주대,2025,1155
ALL,이화여대,2016,1139
ALL,이화여대,2017,1139
ALL,이화여대,2018,1108
ALL,이화여대,2019,1146
ALL,이화여대,2020,1297
ALL,이화여대,2021,1400
ALL,이화여대,2022,1364
ALL,이화여대,2023,1506
ALL,이화여대,2024,1487
ALL,이화여대,2025,1672
ALL,중앙대,2016,1106
ALL,중앙대,2017,1331
ALL,중앙대,2018,1350
ALL,중앙대,2019,1441
ALL,중앙대,2020,1590
ALL,중앙대,2021,1719
ALL,중앙대,2022,1633
ALL,중앙대,2023,1722
ALL,중앙대,2024,1770
ALL,중앙대,2025,1925
ALL,충남대,2016,1026
ALL,충남대,2017,1142
ALL,충남대,2018,1186
ALL,충남대,2019,1255
ALL,충남대,2020,1522
ALL,충남대,2021,1762
ALL,충남대,2022,1630
ALL,충남대,2023,1530
ALL,충남대,2024,1547
ALL,충남대,2025,1657
ALL,가천대,2016,964
ALL,가천대,2017,1003
ALL,가천대,2018,1092
ALL,가천대,2019,1143
ALL,가천대,2020,1303
ALL,가천대,2021,1460
ALL,가천대,2022,1517
ALL,가천대,2023,1390
ALL,가천대,2024,1424
ALL,가천대,2025,1566
ALL,한림대,2016,1149
ALL,한림대,2017,1279
ALL,한림대,2018,1306
ALL,한림대,2019,1419
ALL,한림대,2020,1637
ALL,한림대,2021,1680
ALL,한림대,2022,1588
ALL,한림대,2023,1492
ALL,한림대,2024,1421
ALL,한림대,2025,1497
ALL,건국대,2016,1417
ALL,건국대,2017,1321
ALL,건국대,2018,1307
ALL,건국대,2019,1382
ALL,건국대,2020,1397
ALL,건국대,2021,1448
ALL,건국대,2022,1354
ALL,건국대,2023,1213
ALL,건국대,2024,1237
ALL,건국대,2025,1302
ALL,인하대,2016,781
ALL,인하대,2017,726
ALL,인하대,2018,751
ALL,인하대,2019,928
ALL,인하대,2020,913
ALL,인하대,2021,960
ALL,인하대,2022,875
ALL,인하대,2023,865
ALL,인하대,2024,864
ALL,인하대,2025,941
ALL,전북대,2016,996
ALL,전북대,2017,1074
ALL,전북대,2018,1151
ALL,전북대,2019,1130
ALL,전북대,2020,1197
ALL,전북대,2021,1381
ALL,전북대,2022,1311
ALL,전북대,2023,1326
ALL,전북대,2024,1346
ALL,전북대,2025,1342
ALL,KR,2016,38858
ALL,KR,2017,39714
ALL,KR,2018,41120
ALL,KR,2019,43052
ALL,KR,2020,48210
ALL,KR,2021,52330
ALL,KR,2022,50120
ALL,KR,2023,47308
ALL,KR,2024,47616
ALL,KR,2025,50476
ALL,WORLD,2016,1285547
ALL,WORLD,2017,1304374
ALL,WORLD,2018,1351709
ALL,WORLD,2019,1418993
ALL,WORLD,2020,1641214
ALL,WORLD,2021,1787574
ALL,WORLD,2022,1783552
ALL,WORLD,2023,1697668
ALL,WORLD,2024,1739801
ALL,WORLD,2025,1882071
R,서울대,2016,19
R,서울대,2017,11
R,서울대,2018,15
R,서울대,2019,23
R,서울대,2020,17
R,서울대,2021,14
R,서울대,2022,13
R,서울대,2023,14
R,서울대,2024,19
R,서울대,2025,19
R,연세대,2016,10
R,연세대,2017,5
R,연세대,2018,8
R,연세대,2019,10
R,연세대,2020,16
R,연세대,2021,7
R,연세대,2022,12
R,연세대,2023,11
R,연세대,2024,6
R,연세대,2025,15
R,성균관대,2016,8
R,성균관대,2017,4
R,성균관대,2018,6
R,성균관대,2019,9
R,성균관대,2020,12
R,성균관대,2021,10
R,성균관대,2022,8
R,성균관대,2023,8
R,성균관대,2024,8
R,성균관대,2025,11
R,가톨릭대,2016,8
R,가톨릭대,2017,6
R,가톨릭대,2018,2
R,가톨릭대,2019,9
R,가톨릭대,2020,9
R,가톨릭대,2021,11
R,가톨릭대,2022,12
R,가톨릭대,2023,8
R,가톨릭대,2024,5
R,가톨릭대,2025,4
R,울산대,2016,7
R,울산대,2017,8
R,울산대,2018,9
R,울산대,2019,11
R,울산대,2020,15
R,울산대,2021,13
R,울산대,2022,8
R,울산대,2023,8
R,울산대,2024,8
R,울산대,2025,6
R,고려대,2016,6
R,고려대,2017,5
R,고려대,2018,2
R,고려대,2019,8
R,고려대,2020,10
R,고려대,2021,7
R,고려대,2022,4
R,고려대,2023,6
R,고려대,2024,6
R,고려대,2025,8
R,경희대,2016,2
R,경희대,2017,2
R,경희대,2018,1
R,경희대,2019,3
R,경희대,2020,7
R,경희대,2021,2
R,경희대,2022,2
R,경희대,2023,5
R,경희대,2024,3
R,경희대,2025,3
R,전남대,2016,7
R,전남대,2017,4
R,전남대,2018,1
R,전남대,2019,6
R,전남대,2020,5
R,전남대,2021,4
R,전남대,2022,7
R,전남대,2023,4
R,전남대,2024,5
R,전남대,2025,4
R,인제대,2016,5
R,인제대,2017,3
R,인제대,2018,0
R,인제대,2019,8
R,인제대,2020,3
R,인제대,2021,7
R,인제대,2022,4
R,인제대,2023,4
R,인제대,2024,6
R,인제대,2025,3
R,경북대,2016,0
R,경북대,2017,0
R,경북대,2018,3
R,경북대,2019,5
R,경북대,2020,4
R,경북대,2021,4
R,경북대,2022,4
R,경북대,2023,3
R,경북대,2024,4
R,경북대,2025,4
R,부산대,2016,5
R,부산대,2017,7
R,부산대,2018,4
R,부산대,2019,6
R,부산대,2020,7
R,부산대,2021,6
R,부산대,2022,5
R,부산대,2023,8
R,부산대,2024,4
R,부산대,2025,6
R,한양대,2016,2
R,한양대,2017,1
R,한양대,2018,3
R,한양대,2019,2
R,한양대,2020,2
R,한양대,2021,0
R,한양대,2022,0
R,한양대,2023,4
R,한양대,2024,5
R,한양대,2025,5
R,순천향대,2016,1
R,순천향대,2017,1
R,순천향대,2018,4
R,순천향대,2019,1
R,순천향대,2020,3
R,순천향대,2021,6
R,순천향대,2022,4
R,순천향대,2023,5
R,순천향대,2024,6
R,순천향대,2025,1
R,아주대,2016,4
R,아주대,2017,1
R,아주대,2018,3
R,아주대,2019,0
R,아주대,2020,5
R,아주대,2021,3
R,아주대,2022,4
R,아주대,2023,3
R,아주대,2024,1
R,아주대,2025,2
R,이화여대,2016,2
R,이화여대,2017,3
R,이화여대,2018,2
R,이화여대,2019,2
R,이화여대,2020,4
R,이화여대,2021,4
R,이화여대,2022,0
R,이화여대,2023,1
R,이화여대,2024,2
R,이화여대,2025,5
R,중앙대,2016,4
R,중앙대,2017,2
R,중앙대,2018,4
R,중앙대,2019,3
R,중앙대,2020,4
R,중앙대,2021,1
R,중앙대,2022,1
R,중앙대,2023,5
R,중앙대,2024,7
R,중앙대,2025,2
R,충남대,2016,0
R,충남대,2017,2
R,충남대,2018,3
R,충남대,2019,1
R,충남대,2020,2
R,충남대,2021,4
R,충남대,2022,2
R,충남대,2023,3
R,충남대,2024,2
R,충남대,2025,6
R,가천대,2016,4
R,가천대,2017,1
R,가천대,2018,1
R,가천대,2019,4
R,가천대,2020,2
R,가천대,2021,4
R,가천대,2022,2
R,가천대,2023,0
R,가천대,2024,1
R,가천대,2025,2
R,한림대,2016,1
R,한림대,2017,1
R,한림대,2018,1
R,한림대,2019,2
R,한림대,2020,1
R,한림대,2021,2
R,한림대,2022,1
R,한림대,2023,4
R,한림대,2024,5
R,한림대,2025,1
R,건국대,2016,3
R,건국대,2017,2
R,건국대,2018,2
R,건국대,2019,2
R,건국대,2020,0
R,건국대,2021,1
R,건국대,2022,0
R,건국대,2023,1
R,건국대,2024,4
R,건국대,2025,3
R,인하대,2016,4
R,인하대,2017,1
R,인하대,2018,0
R,인하대,2019,2
R,인하대,2020,5
R,인하대,2021,1
R,인하대,2022,3
R,인하대,2023,1
R,인하대,2024,1
R,인하대,2025,1
R,전북대,2016,1
R,전북대,2017,4
R,전북대,2018,3
R,전북대,2019,6
R,전북대,2020,4
R,전북대,2021,1
R,전북대,2022,4
R,전북대,2023,3
R,전북대,2024,4
R,전북대,2025,4
R,KR,2016,100
R,KR,2017,72
R,KR,2018,75
R,KR,2019,92
R,KR,2020,100
R,KR,2021,93
R,KR,2022,87
R,KR,2023,104
R,KR,2024,73
R,KR,2025,80
R,WORLD,2016,3222
R,WORLD,2017,3377
R,WORLD,2018,3461
R,WORLD,2019,3797
R,WORLD,2020,3938
R,WORLD,2021,4497
R,WORLD,2022,4605
R,WORLD,2023,4495
R,WORLD,2024,4457
R,WORLD,2025,4473
M1,서울대,2016,175
M1,서울대,2017,189
M1,서울대,2018,195
M1,서울대,2019,197
M1,서울대,2020,244
M1,서울대,2021,252
M1,서울대,2022,226
M1,서울대,2023,242
M1,서울대,2024,267
M1,서울대,2025,319
M1,연세대,2016,96
M1,연세대,2017,116
M1,연세대,2018,112
M1,연세대,2019,116
M1,연세대,2020,167
M1,연세대,2021,199
M1,연세대,2022,171
M1,연세대,2023,159
M1,연세대,2024,150
M1,연세대,2025,173
M1,성균관대,2016,90
M1,성균관대,2017,102
M1,성균관대,2018,113
M1,성균관대,2019,109
M1,성균관대,2020,135
M1,성균관대,2021,134
M1,성균관대,2022,119
M1,성균관대,2023,139
M1,성균관대,2024,135
M1,성균관대,2025,178
M1,가톨릭대,2016,47
M1,가톨릭대,2017,55
M1,가톨릭대,2018,44
M1,가톨릭대,2019,67
M1,가톨릭대,2020,84
M1,가톨릭대,2021,71
M1,가톨릭대,2022,79
M1,가톨릭대,2023,73
M1,가톨릭대,2024,74
M1,가톨릭대,2025,77
M1,울산대,2016,75
M1,울산대,2017,82
M1,울산대,2018,81
M1,울산대,2019,84
M1,울산대,2020,94
M1,울산대,2021,85
M1,울산대,2022,86
M1,울산대,2023,77
M1,울산대,2024,63
M1,울산대,2025,82
M1,고려대,2016,91
M1,고려대,2017,113
M1,고려대,2018,112
M1,고려대,2019,119
M1,고려대,2020,120
M1,고려대,2021,127
M1,고려대,2022,128
M1,고려대,2023,106
M1,고려대,2024,138
M1,고려대,2025,158
M1,경희대,2016,83
M1,경희대,2017,92
M1,경희대,2018,105
M1,경희대,2019,106
M1,경희대,2020,102
M1,경희대,2021,98
M1,경희대,2022,87
M1,경희대,2023,84
M1,경희대,2024,101
M1,경희대,2025,132
M1,전남대,2016,38
M1,전남대,2017,42
M1,전남대,2018,26
M1,전남대,2019,45
M1,전남대,2020,44
M1,전남대,2021,41
M1,전남대,2022,49
M1,전남대,2023,33
M1,전남대,2024,48
M1,전남대,2025,49
M1,인제대,2016,39
M1,인제대,2017,41
M1,인제대,2018,49
M1,인제대,2019,37
M1,인제대,2020,47
M1,인제대,2021,43
M1,인제대,2022,40
M1,인제대,2023,43
M1,인제대,2024,52
M1,인제대,2025,49
M1,경북대,2016,37
M1,경북대,2017,55
M1,경북대,2018,57
M1,경북대,2019,58
M1,경북대,2020,79
M1,경북대,2021,69
M1,경북대,2022,46
M1,경북대,2023,49
M1,경북대,2024,57
M1,경북대,2025,47
M1,부산대,2016,49
M1,부산대,2017,44
M1,부산대,2018,60
M1,부산대,2019,46
M1,부산대,2020,44
M1,부산대,2021,66
M1,부산대,2022,73
M1,부산대,2023,55
M1,부산대,2024,59
M1,부산대,2025,62
M1,한양대,2016,63
M1,한양대,2017,65
M1,한양대,2018,56
M1,한양대,2019,44
M1,한양대,2020,68
M1,한양대,2021,66
M1,한양대,2022,72
M1,한양대,2023,73
M1,한양대,2024,59
M1,한양대,2025,76
M1,순천향대,2016,40
M1,순천향대,2017,41
M1,순천향대,2018,25
M1,순천향대,2019,28
M1,순천향대,2020,49
M1,순천향대,2021,51
M1,순천향대,2022,45
M1,순천향대,2023,54
M1,순천향대,2024,59
M1,순천향대,2025,77
M1,아주대,2016,27
M1,아주대,2017,24
M1,아주대,2018,24
M1,아주대,2019,25
M1,아주대,2020,33
M1,아주대,2021,44
M1,아주대,2022,37
M1,아주대,2023,41
M1,아주대,2024,46
M1,아주대,2025,65
M1,이화여대,2016,37
M1,이화여대,2017,44
M1,이화여대,2018,43
M1,이화여대,2019,24
M1,이화여대,2020,44
M1,이화여대,2021,46
M1,이화여대,2022,41
M1,이화여대,2023,46
M1,이화여대,2024,45
M1,이화여대,2025,56
M1,중앙대,2016,23
M1,중앙대,2017,30
M1,중앙대,2018,20
M1,중앙대,2019,34
M1,중앙대,2020,45
M1,중앙대,2021,44
M1,중앙대,2022,47
M1,중앙대,2023,49
M1,중앙대,2024,55
M1,중앙대,2025,73
M1,충남대,2016,25
M1,충남대,2017,30
M1,충남대,2018,35
M1,충남대,2019,37
M1,충남대,2020,52
M1,충남대,2021,45
M1,충남대,2022,41
M1,충남대,2023,44
M1,충남대,2024,51
M1,충남대,2025,47
M1,가천대,2016,43
M1,가천대,2017,51
M1,가천대,2018,58
M1,가천대,2019,46
M1,가천대,2020,53
M1,가천대,2021,71
M1,가천대,2022,76
M1,가천대,2023,64
M1,가천대,2024,66
M1,가천대,2025,102
M1,한림대,2016,31
M1,한림대,2017,52
M1,한림대,2018,43
M1,한림대,2019,46
M1,한림대,2020,66
M1,한림대,2021,78
M1,한림대,2022,62
M1,한림대,2023,76
M1,한림대,2024,58
M1,한림대,2025,85
M1,건국대,2016,54
M1,건국대,2017,52
M1,건국대,2018,60
M1,건국대,2019,54
M1,건국대,2020,59
M1,건국대,2021,54
M1,건국대,2022,48
M1,건국대,2023,53
M1,건국대,2024,52
M1,건국대,2025,58
M1,인하대,2016,28
M1,인하대,2017,30
M1,인하대,2018,14
M1,인하대,2019,19
M1,인하대,2020,35
M1,인하대,2021,38
M1,인하대,2022,33
M1,인하대,2023,34
M1,인하대,2024,33
M1,인하대,2025,44
M1,전북대,2016,20
M1,전북대,2017,32
M1,전북대,2018,28
M1,전북대,2019,37
M1,전북대,2020,42
M1,전북대,2021,36
M1,전북대,2022,37
M1,전북대,2023,37
M1,전북대,2024,44
M1,전북대,2025,45
M1,KR,2016,924
M1,KR,2017,1035
M1,KR,2018,1027
M1,KR,2019,1067
M1,KR,2020,1334
M1,KR,2021,1384
M1,KR,2022,1310
M1,KR,2023,1308
M1,KR,2024,1346
M1,KR,2025,1547
M1,WORLD,2016,26940
M1,WORLD,2017,28601
M1,WORLD,2018,29701
M1,WORLD,2019,31114
M1,WORLD,2020,35575
M1,WORLD,2021,38423
M1,WORLD,2022,38330
M1,WORLD,2023,38178
M1,WORLD,2024,40811
M1,WORLD,2025,45973
M2,서울대,2016,74
M2,서울대,2017,89
M2,서울대,2018,80
M2,서울대,2019,99
M2,서울대,2020,107
M2,서울대,2021,118
M2,서울대,2022,103
M2,서울대,2023,94
M2,서울대,2024,108
M2,서울대,2025,112
M2,연세대,2016,49
M2,연세대,2017,59
M2,연세대,2018,64
M2,연세대,2019,74
M2,연세대,2020,93
M2,연세대,2021,94
M2,연세대,2022,79
M2,연세대,2023,82
M2,연세대,2024,78
M2,연세대,2025,70
M2,성균관대,2016,45
M2,성균관대,2017,65
M2,성균관대,2018,54
M2,성균관대,2019,56
M2,성균관대,2020,65
M2,성균관대,2021,71
M2,성균관대,2022,46
M2,성균관대,2023,60
M2,성균관대,2024,45
M2,성균관대,2025,51
M2,가톨릭대,2016,20
M2,가톨릭대,2017,16
M2,가톨릭대,2018,25
M2,가톨릭대,2019,32
M2,가톨릭대,2020,34
M2,가톨릭대,2021,45
M2,가톨릭대,2022,42
M2,가톨릭대,2023,37
M2,가톨릭대,2024,36
M2,가톨릭대,2025,31
M2,울산대,2016,54
M2,울산대,2017,51
M2,울산대,2018,51
M2,울산대,2019,63
M2,울산대,2020,79
M2,울산대,2021,90
M2,울산대,2022,73
M2,울산대,2023,68
M2,울산대,2024,59
M2,울산대,2025,55
M2,고려대,2016,28
M2,고려대,2017,30
M2,고려대,2018,29
M2,고려대,2019,27
M2,고려대,2020,37
M2,고려대,2021,35
M2,고려대,2022,37
M2,고려대,2023,32
M2,고려대,2024,24
M2,고려대,2025,48
M2,경희대,2016,11
M2,경희대,2017,5
M2,경희대,2018,7
M2,경희대,2019,8
M2,경희대,2020,20
M2,경희대,2021,25
M2,경희대,2022,23
M2,경희대,2023,16
M2,경희대,2024,22
M2,경희대,2025,18
M2,전남대,2016,7
M2,전남대,2017,7
M2,전남대,2018,10
M2,전남대,2019,17
M2,전남대,2020,19
M2,전남대,2021,24
M2,전남대,2022,22
M2,전남대,2023,14
M2,전남대,2024,18
M2,전남대,2025,10
M2,인제대,2016,10
M2,인제대,2017,8
M2,인제대,2018,4
M2,인제대,2019,9
M2,인제대,2020,7
M2,인제대,2021,17
M2,인제대,2022,16
M2,인제대,2023,9
M2,인제대,2024,4
M2,인제대,2025,10
M2,경북대,2016,5
M2,경북대,2017,5
M2,경북대,2018,8
M2,경북대,2019,13
M2,경북대,2020,12
M2,경북대,2021,19
M2,경북대,2022,11
M2,경북대,2023,16
M2,경북대,2024,8
M2,경북대,2025,9
M2,부산대,2016,5
M2,부산대,2017,10
M2,부산대,2018,7
M2,부산대,2019,10
M2,부산대,2020,24
M2,부산대,2021,18
M2,부산대,2022,11
M2,부산대,2023,11
M2,부산대,2024,11
M2,부산대,2025,12
M2,한양대,2016,14
M2,한양대,2017,22
M2,한양대,2018,15
M2,한양대,2019,12
M2,한양대,2020,21
M2,한양대,2021,20
M2,한양대,2022,22
M2,한양대,2023,21
M2,한양대,2024,11
M2,한양대,2025,22
M2,순천향대,2016,7
M2,순천향대,2017,13
M2,순천향대,2018,12
M2,순천향대,2019,16
M2,순천향대,2020,9
M2,순천향대,2021,14
M2,순천향대,2022,12
M2,순천향대,2023,8
M2,순천향대,2024,10
M2,순천향대,2025,12
M2,아주대,2016,10
M2,아주대,2017,9
M2,아주대,2018,6
M2,아주대,2019,12
M2,아주대,2020,14
M2,아주대,2021,13
M2,아주대,2022,13
M2,아주대,2023,12
M2,아주대,2024,9
M2,아주대,2025,15
M2,이화여대,2016,7
M2,이화여대,2017,9
M2,이화여대,2018,8
M2,이화여대,2019,9
M2,이화여대,2020,6
M2,이화여대,2021,11
M2,이화여대,2022,11
M2,이화여대,2023,9
M2,이화여대,2024,9
M2,이화여대,2025,6
M2,중앙대,2016,8
M2,중앙대,2017,6
M2,중앙대,2018,5
M2,중앙대,2019,6
M2,중앙대,2020,5
M2,중앙대,2021,12
M2,중앙대,2022,13
M2,중앙대,2023,10
M2,중앙대,2024,10
M2,중앙대,2025,13
M2,충남대,2016,3
M2,충남대,2017,11
M2,충남대,2018,8
M2,충남대,2019,10
M2,충남대,2020,6
M2,충남대,2021,6
M2,충남대,2022,11
M2,충남대,2023,8
M2,충남대,2024,8
M2,충남대,2025,11
M2,가천대,2016,8
M2,가천대,2017,10
M2,가천대,2018,8
M2,가천대,2019,13
M2,가천대,2020,10
M2,가천대,2021,9
M2,가천대,2022,5
M2,가천대,2023,10
M2,가천대,2024,10
M2,가천대,2025,15
M2,한림대,2016,11
M2,한림대,2017,12
M2,한림대,2018,13
M2,한림대,2019,13
M2,한림대,2020,19
M2,한림대,2021,22
M2,한림대,2022,19
M2,한림대,2023,20
M2,한림대,2024,10
M2,한림대,2025,10
M2,건국대,2016,7
M2,건국대,2017,10
M2,건국대,2018,13
M2,건국대,2019,17
M2,건국대,2020,5
M2,건국대,2021,6
M2,건국대,2022,3
M2,건국대,2023,5
M2,건국대,2024,8
M2,건국대,2025,9
M2,인하대,2016,8
M2,인하대,2017,9
M2,인하대,2018,7
M2,인하대,2019,4
M2,인하대,2020,5
M2,인하대,2021,12
M2,인하대,2022,14
M2,인하대,2023,5
M2,인하대,2024,8
M2,인하대,2025,6
M2,전북대,2016,3
M2,전북대,2017,2
M2,전북대,2018,5
M2,전북대,2019,7
M2,전북대,2020,6
M2,전북대,2021,8
M2,전북대,2022,3
M2,전북대,2023,7
M2,전북대,2024,3
M2,전북대,2025,7
M2,KR,2016,306
M2,KR,2017,347
M2,KR,2018,344
M2,KR,2019,373
M2,KR,2020,425
M2,KR,2021,468
M2,KR,2022,436
M2,KR,2023,374
M2,KR,2024,381
M2,KR,2025,443
M2,WORLD,2016,8078
M2,WORLD,2017,8491
M2,WORLD,2018,8885
M2,WORLD,2019,9724
M2,WORLD,2020,10994
M2,WORLD,2021,11958
M2,WORLD,2022,11737
M2,WORLD,2023,11152
M2,WORLD,2024,11526
M2,WORLD,2025,12500
M3,서울대,2016,30
M3,서울대,2017,48
M3,서울대,2018,58
M3,서울대,2019,49
M3,서울대,2020,62
M3,서울대,2021,80
M3,서울대,2022,59
M3,서울대,2023,58
M3,서울대,2024,68
M3,서울대,2025,94
M3,연세대,2016,40
M3,연세대,2017,25
M3,연세대,2018,50
M3,연세대,2019,34
M3,연세대,2020,51
M3,연세대,2021,51
M3,연세대,2022,55
M3,연세대,2023,57
M3,연세대,2024,58
M3,연세대,2025,72
M3,성균관대,2016,33
M3,성균관대,2017,46
M3,성균관대,2018,50
M3,성균관대,2019,46
M3,성균관대,2020,42
M3,성균관대,2021,51
M3,성균관대,2022,42
M3,성균관대,2023,59
M3,성균관대,2024,70
M3,성균관대,2025,55
M3,가톨릭대,2016,18
M3,가톨릭대,2017,16
M3,가톨릭대,2018,20
M3,가톨릭대,2019,22
M3,가톨릭대,2020,28
M3,가톨릭대,2021,47
M3,가톨릭대,2022,27
M3,가톨릭대,2023,29
M3,가톨릭대,2024,30
M3,가톨릭대,2025,32
M3,울산대,2016,25
M3,울산대,2017,26
M3,울산대,2018,26
M3,울산대,2019,23
M3,울산대,2020,30
M3,울산대,2021,40
M3,울산대,2022,26
M3,울산대,2023,31
M3,울산대,2024,33
M3,울산대,2025,49
M3,고려대,2016,20
M3,고려대,2017,19
M3,고려대,2018,22
M3,고려대,2019,15
M3,고려대,2020,19
M3,고려대,2021,29
M3,고려대,2022,20
M3,고려대,2023,20
M3,고려대,2024,27
M3,고려대,2025,38
M3,경희대,2016,5
M3,경희대,2017,13
M3,경희대,2018,22
M3,경희대,2019,7
M3,경희대,2020,13
M3,경희대,2021,15
M3,경희대,2022,8
M3,경희대,2023,6
M3,경희대,2024,11
M3,경희대,2025,15
M3,전남대,2016,8
M3,전남대,2017,5
M3,전남대,2018,9
M3,전남대,2019,11
M3,전남대,2020,8
M3,전남대,2021,5
M3,전남대,2022,6
M3,전남대,2023,7
M3,전남대,2024,11
M3,전남대,2025,16
M3,인제대,2016,12
M3,인제대,2017,7
M3,인제대,2018,14
M3,인제대,2019,13
M3,인제대,2020,6
M3,인제대,2021,7
M3,인제대,2022,5
M3,인제대,2023,8
M3,인제대,2024,11
M3,인제대,2025,12
M3,경북대,2016,8
M3,경북대,2017,7
M3,경북대,2018,9
M3,경북대,2019,2
M3,경북대,2020,8
M3,경북대,2021,12
M3,경북대,2022,10
M3,경북대,2023,9
M3,경북대,2024,20
M3,경북대,2025,13
M3,부산대,2016,12
M3,부산대,2017,11
M3,부산대,2018,18
M3,부산대,2019,17
M3,부산대,2020,6
M3,부산대,2021,10
M3,부산대,2022,10
M3,부산대,2023,10
M3,부산대,2024,12
M3,부산대,2025,19
M3,한양대,2016,12
M3,한양대,2017,10
M3,한양대,2018,11
M3,한양대,2019,12
M3,한양대,2020,11
M3,한양대,2021,13
M3,한양대,2022,10
M3,한양대,2023,16
M3,한양대,2024,25
M3,한양대,2025,15
M3,순천향대,2016,14
M3,순천향대,2017,11
M3,순천향대,2018,12
M3,순천향대,2019,12
M3,순천향대,2020,7
M3,순천향대,2021,7
M3,순천향대,2022,10
M3,순천향대,2023,13
M3,순천향대,2024,18
M3,순천향대,2025,14
M3,아주대,2016,4
M3,아주대,2017,1
M3,아주대,2018,3
M3,아주대,2019,4
M3,아주대,2020,8
M3,아주대,2021,14
M3,아주대,2022,7
M3,아주대,2023,9
M3,아주대,2024,10
M3,아주대,2025,17
M3,이화여대,2016,10
M3,이화여대,2017,5
M3,이화여대,2018,7
M3,이화여대,2019,11
M3,이화여대,2020,14
M3,이화여대,2021,12
M3,이화여대,2022,6
M3,이화여대,2023,8
M3,이화여대,2024,9
M3,이화여대,2025,11
M3,중앙대,2016,5
M3,중앙대,2017,8
M3,중앙대,2018,7
M3,중앙대,2019,10
M3,중앙대,2020,8
M3,중앙대,2021,8
M3,중앙대,2022,10
M3,중앙대,2023,10
M3,중앙대,2024,14
M3,중앙대,2025,16
M3,충남대,2016,4
M3,충남대,2017,3
M3,충남대,2018,8
M3,충남대,2019,1
M3,충남대,2020,4
M3,충남대,2021,8
M3,충남대,2022,7
M3,충남대,2023,7
M3,충남대,2024,6
M3,충남대,2025,7
M3,가천대,2016,6
M3,가천대,2017,4
M3,가천대,2018,6
M3,가천대,2019,10
M3,가천대,2020,2
M3,가천대,2021,6
M3,가천대,2022,8
M3,가천대,2023,5
M3,가천대,2024,15
M3,가천대,2025,17
M3,한림대,2016,6
M3,한림대,2017,2
M3,한림대,2018,9
M3,한림대,2019,6
M3,한림대,2020,9
M3,한림대,2021,10
M3,한림대,2022,8
M3,한림대,2023,13
M3,한림대,2024,9
M3,한림대,2025,16
M3,건국대,2016,5
M3,건국대,2017,4
M3,건국대,2018,6
M3,건국대,2019,9
M3,건국대,2020,5
M3,건국대,2021,13
M3,건국대,2022,9
M3,건국대,2023,7
M3,건국대,2024,18
M3,건국대,2025,8
M3,인하대,2016,2
M3,인하대,2017,3
M3,인하대,2018,5
M3,인하대,2019,8
M3,인하대,2020,2
M3,인하대,2021,5
M3,인하대,2022,4
M3,인하대,2023,2
M3,인하대,2024,3
M3,인하대,2025,7
M3,전북대,2016,1
M3,전북대,2017,2
M3,전북대,2018,3
M3,전북대,2019,5
M3,전북대,2020,4
M3,전북대,2021,5
M3,전북대,2022,2
M3,전북대,2023,4
M3,전북대,2024,4
M3,전북대,2025,7
M3,KR,2016,205
M3,KR,2017,216
M3,KR,2018,273
M3,KR,2019,229
M3,KR,2020,261
M3,KR,2021,316
M3,KR,2022,273
M3,KR,2023,290
M3,KR,2024,358
M3,KR,2025,422
M3,WORLD,2016,6387
M3,WORLD,2017,6685
M3,WORLD,2018,7495
M3,WORLD,2019,8130
M3,WORLD,2020,9264
M3,WORLD,2021,10010
M3,WORLD,2022,10040
M3,WORLD,2023,10047
M3,WORLD,2024,11411
M3,WORLD,2025,14128
M4,서울대,2016,26
M4,서울대,2017,32
M4,서울대,2018,25
M4,서울대,2019,22
M4,서울대,2020,21
M4,서울대,2021,14
M4,서울대,2022,20
M4,서울대,2023,25
M4,서울대,2024,24
M4,서울대,2025,31
M4,연세대,2016,13
M4,연세대,2017,17
M4,연세대,2018,11
M4,연세대,2019,12
M4,연세대,2020,17
M4,연세대,2021,18
M4,연세대,2022,17
M4,연세대,2023,19
M4,연세대,2024,18
M4,연세대,2025,22
M4,성균관대,2016,10
M4,성균관대,2017,4
M4,성균관대,2018,5
M4,성균관대,2019,4
M4,성균관대,2020,9
M4,성균관대,2021,11
M4,성균관대,2022,11
M4,성균관대,2023,11
M4,성균관대,2024,15
M4,성균관대,2025,15
M4,가톨릭대,2016,9
M4,가톨릭대,2017,10
M4,가톨릭대,2018,8
M4,가톨릭대,2019,9
M4,가톨릭대,2020,3
M4,가톨릭대,2021,8
M4,가톨릭대,2022,7
M4,가톨릭대,2023,9
M4,가톨릭대,2024,8
M4,가톨릭대,2025,4
M4,울산대,2016,7
M4,울산대,2017,8
M4,울산대,2018,9
M4,울산대,2019,5
M4,울산대,2020,10
M4,울산대,2021,12
M4,울산대,2022,11
M4,울산대,2023,8
M4,울산대,2024,11
M4,울산대,2025,12
M4,고려대,2016,18
M4,고려대,2017,16
M4,고려대,2018,11
M4,고려대,2019,14
M4,고려대,2020,16
M4,고려대,2021,22
M4,고려대,2022,21
M4,고려대,2023,16
M4,고려대,2024,16
M4,고려대,2025,24
M4,경희대,2016,9
M4,경희대,2017,12
M4,경희대,2018,10
M4,경희대,2019,8
M4,경희대,2020,4
M4,경희대,2021,7
M4,경희대,2022,9
M4,경희대,2023,13
M4,경희대,2024,11
M4,경희대,2025,14
M4,전남대,2016,3
M4,전남대,2017,2
M4,전남대,2018,8
M4,전남대,2019,3
M4,전남대,2020,2
M4,전남대,2021,7
M4,전남대,2022,3
M4,전남대,2023,4
M4,전남대,2024,2
M4,전남대,2025,7
M4,인제대,2016,6
M4,인제대,2017,3
M4,인제대,2018,2
M4,인제대,2019,5
M4,인제대,2020,3
M4,인제대,2021,9
M4,인제대,2022,3
M4,인제대,2023,7
M4,인제대,2024,10
M4,인제대,2025,8
M4,경북대,2016,2
M4,경북대,2017,2
M4,경북대,2018,9
M4,경북대,2019,6
M4,경북대,2020,12
M4,경북대,2021,12
M4,경북대,2022,6
M4,경북대,2023,8
M4,경북대,2024,5
M4,경북대,2025,7
M4,부산대,2016,12
M4,부산대,2017,9
M4,부산대,2018,14
M4,부산대,2019,2
M4,부산대,2020,5
M4,부산대,2021,7
M4,부산대,2022,9
M4,부산대,2023,3
M4,부산대,2024,5
M4,부산대,2025,9
M4,한양대,2016,6
M4,한양대,2017,9
M4,한양대,2018,9
M4,한양대,2019,7
M4,한양대,2020,11
M4,한양대,2021,12
M4,한양대,2022,4
M4,한양대,2023,2
M4,한양대,2024,2
M4,한양대,2025,10
M4,순천향대,2016,2
M4,순천향대,2017,2
M4,순천향대,2018,0
M4,순천향대,2019,3
M4,순천향대,2020,5
M4,순천향대,2021,3
M4,순천향대,2022,2
M4,순천향대,2023,4
M4,순천향대,2024,5
M4,순천향대,2025,1
M4,아주대,2016,3
M4,아주대,2017,3
M4,아주대,2018,1
M4,아주대,2019,2
M4,아주대,2020,6
M4,아주대,2021,4
M4,아주대,2022,4
M4,아주대,2023,2
M4,아주대,2024,2
M4,아주대,2025,3
M4,이화여대,2016,3
M4,이화여대,2017,1
M4,이화여대,2018,0
M4,이화여대,2019,2
M4,이화여대,2020,2
M4,이화여대,2021,4
M4,이화여대,2022,2
M4,이화여대,2023,4
M4,이화여대,2024,3
M4,이화여대,2025,1
M4,중앙대,2016,2
M4,중앙대,2017,3
M4,중앙대,2018,3
M4,중앙대,2019,0
M4,중앙대,2020,1
M4,중앙대,2021,0
M4,중앙대,2022,3
M4,중앙대,2023,3
M4,중앙대,2024,5
M4,중앙대,2025,7
M4,충남대,2016,3
M4,충남대,2017,2
M4,충남대,2018,1
M4,충남대,2019,1
M4,충남대,2020,7
M4,충남대,2021,4
M4,충남대,2022,2
M4,충남대,2023,2
M4,충남대,2024,1
M4,충남대,2025,4
M4,가천대,2016,1
M4,가천대,2017,2
M4,가천대,2018,2
M4,가천대,2019,3
M4,가천대,2020,5
M4,가천대,2021,4
M4,가천대,2022,4
M4,가천대,2023,4
M4,가천대,2024,3
M4,가천대,2025,7
M4,한림대,2016,3
M4,한림대,2017,11
M4,한림대,2018,3
M4,한림대,2019,5
M4,한림대,2020,3
M4,한림대,2021,5
M4,한림대,2022,2
M4,한림대,2023,3
M4,한림대,2024,4
M4,한림대,2025,2
M4,건국대,2016,2
M4,건국대,2017,2
M4,건국대,2018,3
M4,건국대,2019,4
M4,건국대,2020,3
M4,건국대,2021,4
M4,건국대,2022,2
M4,건국대,2023,5
M4,건국대,2024,2
M4,건국대,2025,4
M4,인하대,2016,1
M4,인하대,2017,3
M4,인하대,2018,2
M4,인하대,2019,3
M4,인하대,2020,4
M4,인하대,2021,3
M4,인하대,2022,6
M4,인하대,2023,3
M4,인하대,2024,7
M4,인하대,2025,7
M4,전북대,2016,6
M4,전북대,2017,3
M4,전북대,2018,3
M4,전북대,2019,2
M4,전북대,2020,1
M4,전북대,2021,4
M4,전북대,2022,2
M4,전북대,2023,0
M4,전북대,2024,1
M4,전북대,2025,1
M4,KR,2016,151
M4,KR,2017,163
M4,KR,2018,142
M4,KR,2019,129
M4,KR,2020,151
M4,KR,2021,170
M4,KR,2022,164
M4,KR,2023,150
M4,KR,2024,161
M4,KR,2025,199
M4,WORLD,2016,4811
M4,WORLD,2017,4987
M4,WORLD,2018,5041
M4,WORLD,2019,5155
M4,WORLD,2020,5379
M4,WORLD,2021,5730
M4,WORLD,2022,5726
M4,WORLD,2023,5578
M4,WORLD,2024,5872
M4,WORLD,2025,6635
M5,서울대,2016,44
M5,서울대,2017,46
M5,서울대,2018,49
M5,서울대,2019,46
M5,서울대,2020,60
M5,서울대,2021,58
M5,서울대,2022,52
M5,서울대,2023,59
M5,서울대,2024,71
M5,서울대,2025,71
M5,연세대,2016,26
M5,연세대,2017,19
M5,연세대,2018,14
M5,연세대,2019,20
M5,연세대,2020,23
M5,연세대,2021,29
M5,연세대,2022,20
M5,연세대,2023,22
M5,연세대,2024,22
M5,연세대,2025,18
M5,성균관대,2016,26
M5,성균관대,2017,34
M5,성균관대,2018,28
M5,성균관대,2019,30
M5,성균관대,2020,24
M5,성균관대,2021,26
M5,성균관대,2022,30
M5,성균관대,2023,23
M5,성균관대,2024,33
M5,성균관대,2025,41
M5,가톨릭대,2016,25
M5,가톨릭대,2017,28
M5,가톨릭대,2018,21
M5,가톨릭대,2019,27
M5,가톨릭대,2020,22
M5,가톨릭대,2021,19
M5,가톨릭대,2022,23
M5,가톨릭대,2023,21
M5,가톨릭대,2024,18
M5,가톨릭대,2025,23
M5,울산대,2016,12
M5,울산대,2017,9
M5,울산대,2018,8
M5,울산대,2019,10
M5,울산대,2020,17
M5,울산대,2021,9
M5,울산대,2022,15
M5,울산대,2023,13
M5,울산대,2024,15
M5,울산대,2025,18
M5,고려대,2016,54
M5,고려대,2017,55
M5,고려대,2018,46
M5,고려대,2019,55
M5,고려대,2020,61
M5,고려대,2021,55
M5,고려대,2022,47
M5,고려대,2023,35
M5,고려대,2024,44
M5,고려대,2025,30
M5,경희대,2016,11
M5,경희대,2017,10
M5,경희대,2018,18
M5,경희대,2019,17
M5,경희대,2020,13
M5,경희대,2021,17
M5,경희대,2022,19
M5,경희대,2023,33
M5,경희대,2024,37
M5,경희대,2025,30
M5,전남대,2016,17
M5,전남대,2017,19
M5,전남대,2018,12
M5,전남대,2019,14
M5,전남대,2020,13
M5,전남대,2021,13
M5,전남대,2022,21
M5,전남대,2023,9
M5,전남대,2024,11
M5,전남대,2025,16
M5,인제대,2016,37
M5,인제대,2017,27
M5,인제대,2018,21
M5,인제대,2019,27
M5,인제대,2020,38
M5,인제대,2021,23
M5,인제대,2022,23
M5,인제대,2023,21
M5,인제대,2024,21
M5,인제대,2025,16
M5,경북대,2016,12
M5,경북대,2017,9
M5,경북대,2018,7
M5,경북대,2019,10
M5,경북대,2020,8
M5,경북대,2021,6
M5,경북대,2022,13
M5,경북대,2023,12
M5,경북대,2024,19
M5,경북대,2025,17
M5,부산대,2016,5
M5,부산대,2017,2
M5,부산대,2018,4
M5,부산대,2019,2
M5,부산대,2020,13
M5,부산대,2021,14
M5,부산대,2022,8
M5,부산대,2023,6
M5,부산대,2024,13
M5,부산대,2025,3
M5,한양대,2016,16
M5,한양대,2017,10
M5,한양대,2018,12
M5,한양대,2019,16
M5,한양대,2020,20
M5,한양대,2021,13
M5,한양대,2022,20
M5,한양대,2023,16
M5,한양대,2024,25
M5,한양대,2025,33
M5,순천향대,2016,14
M5,순천향대,2017,7
M5,순천향대,2018,8
M5,순천향대,2019,8
M5,순천향대,2020,8
M5,순천향대,2021,12
M5,순천향대,2022,13
M5,순천향대,2023,12
M5,순천향대,2024,12
M5,순천향대,2025,7
M5,아주대,2016,1
M5,아주대,2017,0
M5,아주대,2018,3
M5,아주대,2019,3
M5,아주대,2020,4
M5,아주대,2021,5
M5,아주대,2022,4
M5,아주대,2023,5
M5,아주대,2024,7
M5,아주대,2025,8
M5,이화여대,2016,3
M5,이화여대,2017,3
M5,이화여대,2018,3
M5,이화여대,2019,5
M5,이화여대,2020,8
M5,이화여대,2021,4
M5,이화여대,2022,2
M5,이화여대,2023,2
M5,이화여대,2024,9
M5,이화여대,2025,5
M5,중앙대,2016,10
M5,중앙대,2017,12
M5,중앙대,2018,13
M5,중앙대,2019,13
M5,중앙대,2020,9
M5,중앙대,2021,9
M5,중앙대,2022,5
M5,중앙대,2023,6
M5,중앙대,2024,5
M5,중앙대,2025,9
M5,충남대,2016,1
M5,충남대,2017,4
M5,충남대,2018,0
M5,충남대,2019,2
M5,충남대,2020,3
M5,충남대,2021,5
M5,충남대,2022,6
M5,충남대,2023,4
M5,충남대,2024,8
M5,충남대,2025,6
M5,가천대,2016,15
M5,가천대,2017,12
M5,가천대,2018,10
M5,가천대,2019,4
M5,가천대,2020,14
M5,가천대,2021,15
M5,가천대,2022,7
M5,가천대,2023,8
M5,가천대,2024,9
M5,가천대,2025,6
M5,한림대,2016,14
M5,한림대,2017,6
M5,한림대,2018,6
M5,한림대,2019,11
M5,한림대,2020,9
M5,한림대,2021,6
M5,한림대,2022,14
M5,한림대,2023,16
M5,한림대,2024,10
M5,한림대,2025,11
M5,건국대,2016,6
M5,건국대,2017,7
M5,건국대,2018,9
M5,건국대,2019,5
M5,건국대,2020,8
M5,건국대,2021,8
M5,건국대,2022,7
M5,건국대,2023,4
M5,건국대,2024,6
M5,건국대,2025,7
M5,인하대,2016,5
M5,인하대,2017,1
M5,인하대,2018,0
M5,인하대,2019,5
M5,인하대,2020,5
M5,인하대,2021,4
M5,인하대,2022,2
M5,인하대,2023,5
M5,인하대,2024,5
M5,인하대,2025,3
M5,전북대,2016,7
M5,전북대,2017,11
M5,전북대,2018,13
M5,전북대,2019,12
M5,전북대,2020,13
M5,전북대,2021,7
M5,전북대,2022,15
M5,전북대,2023,16
M5,전북대,2024,8
M5,전북대,2025,15
M5,KR,2016,224
M5,KR,2017,227
M5,KR,2018,220
M5,KR,2019,238
M5,KR,2020,273
M5,KR,2021,271
M5,KR,2022,234
M5,KR,2023,240
M5,KR,2024,265
M5,KR,2025,288
M5,WORLD,2016,10407
M5,WORLD,2017,10275
M5,WORLD,2018,10690
M5,WORLD,2019,10608
M5,WORLD,2020,11436
M5,WORLD,2021,12132
M5,WORLD,2022,11758
M5,WORLD,2023,11387
M5,WORLD,2024,11428
M5,WORLD,2025,12867
M6,서울대,2016,0
M6,서울대,2017,2
M6,서울대,2018,3
M6,서울대,2019,9
M6,서울대,2020,4
M6,서울대,2021,14
M6,서울대,2022,28
M6,서울대,2023,20
M6,서울대,2024,29
M6,서울대,2025,40
M6,연세대,2016,1
M6,연세대,2017,6
M6,연세대,2018,5
M6,연세대,2019,7
M6,연세대,2020,3
M6,연세대,2021,14
M6,연세대,2022,25
M6,연세대,2023,16
M6,연세대,2024,24
M6,연세대,2025,19
M6,성균관대,2016,1
M6,성균관대,2017,3
M6,성균관대,2018,1
M6,성균관대,2019,0
M6,성균관대,2020,3
M6,성균관대,2021,11
M6,성균관대,2022,16
M6,성균관대,2023,16
M6,성균관대,2024,21
M6,성균관대,2025,16
M6,가톨릭대,2016,2
M6,가톨릭대,2017,6
M6,가톨릭대,2018,3
M6,가톨릭대,2019,2
M6,가톨릭대,2020,2
M6,가톨릭대,2021,7
M6,가톨릭대,2022,14
M6,가톨릭대,2023,13
M6,가톨릭대,2024,20
M6,가톨릭대,2025,27
M6,울산대,2016,0
M6,울산대,2017,0
M6,울산대,2018,0
M6,울산대,2019,1
M6,울산대,2020,0
M6,울산대,2021,3
M6,울산대,2022,12
M6,울산대,2023,10
M6,울산대,2024,10
M6,울산대,2025,3
M6,고려대,2016,4
M6,고려대,2017,8
M6,고려대,2018,7
M6,고려대,2019,9
M6,고려대,2020,5
M6,고려대,2021,9
M6,고려대,2022,34
M6,고려대,2023,30
M6,고려대,2024,37
M6,고려대,2025,45
M6,경희대,2016,0
M6,경희대,2017,1
M6,경희대,2018,2
M6,경희대,2019,3
M6,경희대,2020,1
M6,경희대,2021,3
M6,경희대,2022,9
M6,경희대,2023,6
M6,경희대,2024,16
M6,경희대,2025,15
M6,전남대,2016,0
M6,전남대,2017,1
M6,전남대,2018,3
M6,전남대,2019,4
M6,전남대,2020,3
M6,전남대,2021,3
M6,전남대,2022,6
M6,전남대,2023,1
M6,전남대,2024,9
M6,전남대,2025,7
M6,인제대,2016,0
M6,인제대,2017,0
M6,인제대,2018,2
M6,인제대,2019,0
M6,인제대,2020,0
M6,인제대,2021,0
M6,인제대,2022,3
M6,인제대,2023,1
M6,인제대,2024,6
M6,인제대,2025,1
M6,경북대,2016,0
M6,경북대,2017,0
M6,경북대,2018,2
M6,경북대,2019,3
M6,경북대,2020,2
M6,경북대,2021,0
M6,경북대,2022,10
M6,경북대,2023,4
M6,경북대,2024,5
M6,경북대,2025,5
M6,부산대,2016,0
M6,부산대,2017,2
M6,부산대,2018,0
M6,부산대,2019,0
M6,부산대,2020,1
M6,부산대,2021,0
M6,부산대,2022,2
M6,부산대,2023,0
M6,부산대,2024,2
M6,부산대,2025,5
M6,한양대,2016,0
M6,한양대,2017,0
M6,한양대,2018,0
M6,한양대,2019,0
M6,한양대,2020,0
M6,한양대,2021,1
M6,한양대,2022,7
M6,한양대,2023,3
M6,한양대,2024,4
M6,한양대,2025,3
M6,순천향대,2016,0
M6,순천향대,2017,0
M6,순천향대,2018,1
M6,순천향대,2019,1
M6,순천향대,2020,0
M6,순천향대,2021,1
M6,순천향대,2022,2
M6,순천향대,2023,7
M6,순천향대,2024,3
M6,순천향대,2025,2
M6,아주대,2016,0
M6,아주대,2017,0
M6,아주대,2018,0
M6,아주대,2019,0
M6,아주대,2020,0
M6,아주대,2021,2
M6,아주대,2022,4
M6,아주대,2023,7
M6,아주대,2024,2
M6,아주대,2025,2
M6,이화여대,2016,3
M6,이화여대,2017,3
M6,이화여대,2018,2
M6,이화여대,2019,3
M6,이화여대,2020,1
M6,이화여대,2021,4
M6,이화여대,2022,6
M6,이화여대,2023,5
M6,이화여대,2024,8
M6,이화여대,2025,11
M6,중앙대,2016,1
M6,중앙대,2017,1
M6,중앙대,2018,1
M6,중앙대,2019,0
M6,중앙대,2020,1
M6,중앙대,2021,2
M6,중앙대,2022,6
M6,중앙대,2023,6
M6,중앙대,2024,8
M6,중앙대,2025,6
M6,충남대,2016,1
M6,충남대,2017,0
M6,충남대,2018,2
M6,충남대,2019,3
M6,충남대,2020,3
M6,충남대,2021,6
M6,충남대,2022,4
M6,충남대,2023,5
M6,충남대,2024,7
M6,충남대,2025,12
M6,가천대,2016,0
M6,가천대,2017,0
M6,가천대,2018,2
M6,가천대,2019,1
M6,가천대,2020,1
M6,가천대,2021,2
M6,가천대,2022,3
M6,가천대,2023,11
M6,가천대,2024,10
M6,가천대,2025,16
M6,한림대,2016,1
M6,한림대,2017,1
M6,한림대,2018,4
M6,한림대,2019,1
M6,한림대,2020,1
M6,한림대,2021,8
M6,한림대,2022,9
M6,한림대,2023,6
M6,한림대,2024,9
M6,한림대,2025,11
M6,건국대,2016,2
M6,건국대,2017,1
M6,건국대,2018,0
M6,건국대,2019,2
M6,건국대,2020,0
M6,건국대,2021,3
M6,건국대,2022,1
M6,건국대,2023,4
M6,건국대,2024,3
M6,건국대,2025,8
M6,인하대,2016,1
M6,인하대,2017,2
M6,인하대,2018,3
M6,인하대,2019,1
M6,인하대,2020,1
M6,인하대,2021,2
M6,인하대,2022,4
M6,인하대,2023,4
M6,인하대,2024,8
M6,인하대,2025,3
M6,전북대,2016,0
M6,전북대,2017,5
M6,전북대,2018,6
M6,전북대,2019,6
M6,전북대,2020,1
M6,전북대,2021,7
M6,전북대,2022,8
M6,전북대,2023,7
M6,전북대,2024,8
M6,전북대,2025,9
M6,KR,2016,14
M6,KR,2017,27
M6,KR,2018,29
M6,KR,2019,45
M6,KR,2020,44
M6,KR,2021,111
M6,KR,2022,194
M6,KR,2023,134
M6,KR,2024,161
M6,KR,2025,210
M6,WORLD,2016,714
M6,WORLD,2017,979
M6,WORLD,2018,1084
M6,WORLD,2019,1127
M6,WORLD,2020,1468
M6,WORLD,2021,4488
M6,WORLD,2022,6258
M6,WORLD,2023,4435
M6,WORLD,2024,4080
M6,WORLD,2025,4638
M7,서울대,2016,43
M7,서울대,2017,45
M7,서울대,2018,46
M7,서울대,2019,71
M7,서울대,2020,51
M7,서울대,2021,69
M7,서울대,2022,55
M7,서울대,2023,54
M7,서울대,2024,54
M7,서울대,2025,63
M7,연세대,2016,51
M7,연세대,2017,45
M7,연세대,2018,53
M7,연세대,2019,62
M7,연세대,2020,46
M7,연세대,2021,50
M7,연세대,2022,37
M7,연세대,2023,40
M7,연세대,2024,39
M7,연세대,2025,47
M7,성균관대,2016,42
M7,성균관대,2017,37
M7,성균관대,2018,50
M7,성균관대,2019,46
M7,성균관대,2020,31
M7,성균관대,2021,38
M7,성균관대,2022,25
M7,성균관대,2023,39
M7,성균관대,2024,34
M7,성균관대,2025,50
M7,가톨릭대,2016,19
M7,가톨릭대,2017,13
M7,가톨릭대,2018,19
M7,가톨릭대,2019,21
M7,가톨릭대,2020,19
M7,가톨릭대,2021,24
M7,가톨릭대,2022,19
M7,가톨릭대,2023,9
M7,가톨릭대,2024,27
M7,가톨릭대,2025,24
M7,울산대,2016,19
M7,울산대,2017,18
M7,울산대,2018,18
M7,울산대,2019,25
M7,울산대,2020,20
M7,울산대,2021,15
M7,울산대,2022,16
M7,울산대,2023,21
M7,울산대,2024,19
M7,울산대,2025,20
M7,고려대,2016,18
M7,고려대,2017,23
M7,고려대,2018,19
M7,고려대,2019,33
M7,고려대,2020,40
M7,고려대,2021,48
M7,고려대,2022,28
M7,고려대,2023,33
M7,고려대,2024,28
M7,고려대,2025,59
M7,경희대,2016,11
M7,경희대,2017,15
M7,경희대,2018,15
M7,경희대,2019,18
M7,경희대,2020,10
M7,경희대,2021,19
M7,경희대,2022,19
M7,경희대,2023,23
M7,경희대,2024,20
M7,경희대,2025,19
M7,전남대,2016,14
M7,전남대,2017,13
M7,전남대,2018,19
M7,전남대,2019,22
M7,전남대,2020,12
M7,전남대,2021,24
M7,전남대,2022,27
M7,전남대,2023,19
M7,전남대,2024,25
M7,전남대,2025,25
M7,인제대,2016,9
M7,인제대,2017,8
M7,인제대,2018,10
M7,인제대,2019,29
M7,인제대,2020,16
M7,인제대,2021,19
M7,인제대,2022,26
M7,인제대,2023,18
M7,인제대,2024,20
M7,인제대,2025,24
M7,경북대,2016,15
M7,경북대,2017,15
M7,경북대,2018,22
M7,경북대,2019,37
M7,경북대,2020,41
M7,경북대,2021,45
M7,경북대,2022,32
M7,경북대,2023,33
M7,경북대,2024,21
M7,경북대,2025,45
M7,부산대,2016,12
M7,부산대,2017,9
M7,부산대,2018,29
M7,부산대,2019,21
M7,부산대,2020,15
M7,부산대,2021,24
M7,부산대,2022,25
M7,부산대,2023,20
M7,부산대,2024,15
M7,부산대,2025,21
M7,한양대,2016,6
M7,한양대,2017,10
M7,한양대,2018,13
M7,한양대,2019,17
M7,한양대,2020,18
M7,한양대,2021,17
M7,한양대,2022,25
M7,한양대,2023,24
M7,한양대,2024,17
M7,한양대,2025,19
M7,순천향대,2016,9
M7,순천향대,2017,12
M7,순천향대,2018,10
M7,순천향대,2019,16
M7,순천향대,2020,12
M7,순천향대,2021,15
M7,순천향대,2022,14
M7,순천향대,2023,9
M7,순천향대,2024,13
M7,순천향대,2025,13
M7,아주대,2016,4
M7,아주대,2017,6
M7,아주대,2018,6
M7,아주대,2019,9
M7,아주대,2020,3
M7,아주대,2021,4
M7,아주대,2022,3
M7,아주대,2023,7
M7,아주대,2024,9
M7,아주대,2025,11
M7,이화여대,2016,10
M7,이화여대,2017,7
M7,이화여대,2018,8
M7,이화여대,2019,10
M7,이화여대,2020,14
M7,이화여대,2021,14
M7,이화여대,2022,19
M7,이화여대,2023,12
M7,이화여대,2024,12
M7,이화여대,2025,16
M7,중앙대,2016,10
M7,중앙대,2017,9
M7,중앙대,2018,15
M7,중앙대,2019,21
M7,중앙대,2020,26
M7,중앙대,2021,31
M7,중앙대,2022,22
M7,중앙대,2023,28
M7,중앙대,2024,18
M7,중앙대,2025,32
M7,충남대,2016,5
M7,충남대,2017,7
M7,충남대,2018,14
M7,충남대,2019,14
M7,충남대,2020,22
M7,충남대,2021,18
M7,충남대,2022,19
M7,충남대,2023,21
M7,충남대,2024,15
M7,충남대,2025,25
M7,가천대,2016,3
M7,가천대,2017,4
M7,가천대,2018,6
M7,가천대,2019,11
M7,가천대,2020,6
M7,가천대,2021,13
M7,가천대,2022,13
M7,가천대,2023,6
M7,가천대,2024,7
M7,가천대,2025,23
M7,한림대,2016,14
M7,한림대,2017,5
M7,한림대,2018,14
M7,한림대,2019,20
M7,한림대,2020,23
M7,한림대,2021,18
M7,한림대,2022,28
M7,한림대,2023,19
M7,한림대,2024,20
M7,한림대,2025,26
M7,건국대,2016,15
M7,건국대,2017,12
M7,건국대,2018,17
M7,건국대,2019,19
M7,건국대,2020,17
M7,건국대,2021,24
M7,건국대,2022,20
M7,건국대,2023,14
M7,건국대,2024,18
M7,건국대,2025,22
M7,인하대,2016,9
M7,인하대,2017,5
M7,인하대,2018,5
M7,인하대,2019,7
M7,인하대,2020,5
M7,인하대,2021,8
M7,인하대,2022,4
M7,인하대,2023,5
M7,인하대,2024,1
M7,인하대,2025,4
M7,전북대,2016,13
M7,전북대,2017,13
M7,전북대,2018,16
M7,전북대,2019,13
M7,전북대,2020,13
M7,전북대,2021,17
M7,전북대,2022,14
M7,전북대,2023,26
M7,전북대,2024,17
M7,전북대,2025,25
M7,KR,2016,329
M7,KR,2017,343
M7,KR,2018,372
M7,KR,2019,439
M7,KR,2020,429
M7,KR,2021,495
M7,KR,2022,441
M7,KR,2023,426
M7,KR,2024,467
M7,KR,2025,612
M7,WORLD,2016,11123
M7,WORLD,2017,11758
M7,WORLD,2018,12849
M7,WORLD,2019,14118
M7,WORLD,2020,15670
M7,WORLD,2021,16692
M7,WORLD,2022,16679
M7,WORLD,2023,16322
M7,WORLD,2024,19067
M7,WORLD,2025,23591
M8,서울대,2016,48
M8,서울대,2017,52
M8,서울대,2018,76
M8,서울대,2019,50
M8,서울대,2020,68
M8,서울대,2021,87
M8,서울대,2022,69
M8,서울대,2023,72
M8,서울대,2024,63
M8,서울대,2025,107
M8,연세대,2016,17
M8,연세대,2017,15
M8,연세대,2018,30
M8,연세대,2019,40
M8,연세대,2020,35
M8,연세대,2021,25
M8,연세대,2022,41
M8,연세대,2023,29
M8,연세대,2024,27
M8,연세대,2025,45
M8,성균관대,2016,8
M8,성균관대,2017,10
M8,성균관대,2018,16
M8,성균관대,2019,10
M8,성균관대,2020,25
M8,성균관대,2021,15
M8,성균관대,2022,25
M8,성균관대,2023,25
M8,성균관대,2024,39
M8,성균관대,2025,61
M8,가톨릭대,2016,5
M8,가톨릭대,2017,9
M8,가톨릭대,2018,12
M8,가톨릭대,2019,12
M8,가톨릭대,2020,3
M8,가톨릭대,2021,12
M8,가톨릭대,2022,10
M8,가톨릭대,2023,8
M8,가톨릭대,2024,16
M8,가톨릭대,2025,23
M8,울산대,2016,7
M8,울산대,2017,5
M8,울산대,2018,9
M8,울산대,2019,9
M8,울산대,2020,10
M8,울산대,2021,17
M8,울산대,2022,11
M8,울산대,2023,19
M8,울산대,2024,11
M8,울산대,2025,13
M8,고려대,2016,12
M8,고려대,2017,17
M8,고려대,2018,17
M8,고려대,2019,20
M8,고려대,2020,29
M8,고려대,2021,37
M8,고려대,2022,28
M8,고려대,2023,33
M8,고려대,2024,37
M8,고려대,2025,50
M8,경희대,2016,6
M8,경희대,2017,3
M8,경희대,2018,18
M8,경희대,2019,14
M8,경희대,2020,17
M8,경희대,2021,24
M8,경희대,2022,25
M8,경희대,2023,10
M8,경희대,2024,22
M8,경희대,2025,27
M8,전남대,2016,4
M8,전남대,2017,2
M8,전남대,2018,6
M8,전남대,2019,9
M8,전남대,2020,6
M8,전남대,2021,18
M8,전남대,2022,10
M8,전남대,2023,12
M8,전남대,2024,14
M8,전남대,2025,18
M8,인제대,2016,5
M8,인제대,2017,4
M8,인제대,2018,1
M8,인제대,2019,2
M8,인제대,2020,1
M8,인제대,2021,4
M8,인제대,2022,2
M8,인제대,2023,0
M8,인제대,2024,4
M8,인제대,2025,3
M8,경북대,2016,5
M8,경북대,2017,2
M8,경북대,2018,7
M8,경북대,2019,10
M8,경북대,2020,19
M8,경북대,2021,22
M8,경북대,2022,17
M8,경북대,2023,11
M8,경북대,2024,18
M8,경북대,2025,23
M8,부산대,2016,1
M8,부산대,2017,5
M8,부산대,2018,4
M8,부산대,2019,8
M8,부산대,2020,8
M8,부산대,2021,19
M8,부산대,2022,11
M8,부산대,2023,10
M8,부산대,2024,11
M8,부산대,2025,18
M8,한양대,2016,24
M8,한양대,2017,29
M8,한양대,2018,27
M8,한양대,2019,28
M8,한양대,2020,35
M8,한양대,2021,45
M8,한양대,2022,34
M8,한양대,2023,25
M8,한양대,2024,33
M8,한양대,2025,40
M8,순천향대,2016,1
M8,순천향대,2017,2
M8,순천향대,2018,7
M8,순천향대,2019,5
M8,순천향대,2020,1
M8,순천향대,2021,1
M8,순천향대,2022,2
M8,순천향대,2023,3
M8,순천향대,2024,2
M8,순천향대,2025,10
M8,아주대,2016,3
M8,아주대,2017,2
M8,아주대,2018,6
M8,아주대,2019,8
M8,아주대,2020,3
M8,아주대,2021,11
M8,아주대,2022,10
M8,아주대,2023,7
M8,아주대,2024,10
M8,아주대,2025,11
M8,이화여대,2016,8
M8,이화여대,2017,3
M8,이화여대,2018,3
M8,이화여대,2019,0
M8,이화여대,2020,5
M8,이화여대,2021,10
M8,이화여대,2022,7
M8,이화여대,2023,5
M8,이화여대,2024,2
M8,이화여대,2025,8
M8,중앙대,2016,4
M8,중앙대,2017,4
M8,중앙대,2018,2
M8,중앙대,2019,7
M8,중앙대,2020,13
M8,중앙대,2021,15
M8,중앙대,2022,13
M8,중앙대,2023,15
M8,중앙대,2024,24
M8,중앙대,2025,34
M8,충남대,2016,11
M8,충남대,2017,6
M8,충남대,2018,7
M8,충남대,2019,7
M8,충남대,2020,6
M8,충남대,2021,15
M8,충남대,2022,13
M8,충남대,2023,9
M8,충남대,2024,15
M8,충남대,2025,23
M8,가천대,2016,4
M8,가천대,2017,5
M8,가천대,2018,2
M8,가천대,2019,2
M8,가천대,2020,5
M8,가천대,2021,9
M8,가천대,2022,8
M8,가천대,2023,6
M8,가천대,2024,6
M8,가천대,2025,19
M8,한림대,2016,1
M8,한림대,2017,1
M8,한림대,2018,2
M8,한림대,2019,3
M8,한림대,2020,3
M8,한림대,2021,2
M8,한림대,2022,3
M8,한림대,2023,2
M8,한림대,2024,3
M8,한림대,2025,3
M8,건국대,2016,8
M8,건국대,2017,3
M8,건국대,2018,9
M8,건국대,2019,12
M8,건국대,2020,14
M8,건국대,2021,7
M8,건국대,2022,11
M8,건국대,2023,6
M8,건국대,2024,13
M8,건국대,2025,15
M8,인하대,2016,0
M8,인하대,2017,1
M8,인하대,2018,3
M8,인하대,2019,0
M8,인하대,2020,4
M8,인하대,2021,4
M8,인하대,2022,3
M8,인하대,2023,7
M8,인하대,2024,6
M8,인하대,2025,5
M8,전북대,2016,2
M8,전북대,2017,0
M8,전북대,2018,2
M8,전북대,2019,0
M8,전북대,2020,4
M8,전북대,2021,6
M8,전북대,2022,6
M8,전북대,2023,13
M8,전북대,2024,14
M8,전북대,2025,19
M8,KR,2016,183
M8,KR,2017,186
M8,KR,2018,250
M8,KR,2019,278
M8,KR,2020,312
M8,KR,2021,401
M8,KR,2022,367
M8,KR,2023,355
M8,KR,2024,423
M8,KR,2025,550
M8,WORLD,2016,6023
M8,WORLD,2017,7046
M8,WORLD,2018,8314
M8,WORLD,2019,9562
M8,WORLD,2020,10768
M8,WORLD,2021,11979
M8,WORLD,2022,11985
M8,WORLD,2023,12441
M8,WORLD,2024,13513
M8,WORLD,2025,16740
M9,서울대,2016,93
M9,서울대,2017,105
M9,서울대,2018,91
M9,서울대,2019,84
M9,서울대,2020,108
M9,서울대,2021,101
M9,서울대,2022,74
M9,서울대,2023,89
M9,서울대,2024,96
M9,서울대,2025,104
M9,연세대,2016,67
M9,연세대,2017,53
M9,연세대,2018,63
M9,연세대,2019,52
M9,연세대,2020,75
M9,연세대,2021,80
M9,연세대,2022,50
M9,연세대,2023,54
M9,연세대,2024,55
M9,연세대,2025,55
M9,성균관대,2016,49
M9,성균관대,2017,51
M9,성균관대,2018,60
M9,성균관대,2019,44
M9,성균관대,2020,44
M9,성균관대,2021,67
M9,성균관대,2022,57
M9,성균관대,2023,58
M9,성균관대,2024,63
M9,성균관대,2025,82
M9,가톨릭대,2016,43
M9,가톨릭대,2017,43
M9,가톨릭대,2018,51
M9,가톨릭대,2019,44
M9,가톨릭대,2020,51
M9,가톨릭대,2021,62
M9,가톨릭대,2022,48
M9,가톨릭대,2023,40
M9,가톨릭대,2024,55
M9,가톨릭대,2025,54
M9,울산대,2016,26
M9,울산대,2017,23
M9,울산대,2018,21
M9,울산대,2019,27
M9,울산대,2020,31
M9,울산대,2021,44
M9,울산대,2022,25
M9,울산대,2023,30
M9,울산대,2024,29
M9,울산대,2025,28
M9,고려대,2016,27
M9,고려대,2017,48
M9,고려대,2018,52
M9,고려대,2019,54
M9,고려대,2020,53
M9,고려대,2021,48
M9,고려대,2022,50
M9,고려대,2023,46
M9,고려대,2024,35
M9,고려대,2025,65
M9,경희대,2016,18
M9,경희대,2017,16
M9,경희대,2018,15
M9,경희대,2019,24
M9,경희대,2020,26
M9,경희대,2021,24
M9,경희대,2022,21
M9,경희대,2023,21
M9,경희대,2024,25
M9,경희대,2025,25
M9,전남대,2016,14
M9,전남대,2017,18
M9,전남대,2018,18
M9,전남대,2019,20
M9,전남대,2020,22
M9,전남대,2021,27
M9,전남대,2022,18
M9,전남대,2023,18
M9,전남대,2024,13
M9,전남대,2025,19
M9,인제대,2016,5
M9,인제대,2017,6
M9,인제대,2018,8
M9,인제대,2019,11
M9,인제대,2020,8
M9,인제대,2021,7
M9,인제대,2022,3
M9,인제대,2023,6
M9,인제대,2024,5
M9,인제대,2025,4
M9,경북대,2016,18
M9,경북대,2017,22
M9,경북대,2018,29
M9,경북대,2019,10
M9,경북대,2020,19
M9,경북대,2021,27
M9,경북대,2022,22
M9,경북대,2023,16
M9,경북대,2024,21
M9,경북대,2025,29
M9,부산대,2016,19
M9,부산대,2017,22
M9,부산대,2018,19
M9,부산대,2019,22
M9,부산대,2020,33
M9,부산대,2021,28
M9,부산대,2022,29
M9,부산대,2023,19
M9,부산대,2024,22
M9,부산대,2025,27
M9,한양대,2016,20
M9,한양대,2017,31
M9,한양대,2018,23
M9,한양대,2019,29
M9,한양대,2020,22
M9,한양대,2021,23
M9,한양대,2022,24
M9,한양대,2023,21
M9,한양대,2024,20
M9,한양대,2025,24
M9,순천향대,2016,16
M9,순천향대,2017,19
M9,순천향대,2018,20
M9,순천향대,2019,22
M9,순천향대,2020,19
M9,순천향대,2021,15
M9,순천향대,2022,10
M9,순천향대,2023,12
M9,순천향대,2024,14
M9,순천향대,2025,16
M9,아주대,2016,17
M9,아주대,2017,13
M9,아주대,2018,17
M9,아주대,2019,17
M9,아주대,2020,14
M9,아주대,2021,21
M9,아주대,2022,11
M9,아주대,2023,20
M9,아주대,2024,11
M9,아주대,2025,19
M9,이화여대,2016,17
M9,이화여대,2017,26
M9,이화여대,2018,14
M9,이화여대,2019,21
M9,이화여대,2020,16
M9,이화여대,2021,20
M9,이화여대,2022,23
M9,이화여대,2023,12
M9,이화여대,2024,14
M9,이화여대,2025,21
M9,중앙대,2016,11
M9,중앙대,2017,21
M9,중앙대,2018,20
M9,중앙대,2019,18
M9,중앙대,2020,13
M9,중앙대,2021,13
M9,중앙대,2022,12
M9,중앙대,2023,24
M9,중앙대,2024,20
M9,중앙대,2025,19
M9,충남대,2016,6
M9,충남대,2017,9
M9,충남대,2018,10
M9,충남대,2019,8
M9,충남대,2020,12
M9,충남대,2021,10
M9,충남대,2022,8
M9,충남대,2023,16
M9,충남대,2024,9
M9,충남대,2025,16
M9,가천대,2016,7
M9,가천대,2017,14
M9,가천대,2018,14
M9,가천대,2019,15
M9,가천대,2020,15
M9,가천대,2021,16
M9,가천대,2022,10
M9,가천대,2023,12
M9,가천대,2024,17
M9,가천대,2025,13
M9,한림대,2016,8
M9,한림대,2017,8
M9,한림대,2018,16
M9,한림대,2019,7
M9,한림대,2020,18
M9,한림대,2021,11
M9,한림대,2022,5
M9,한림대,2023,6
M9,한림대,2024,7
M9,한림대,2025,10
M9,건국대,2016,39
M9,건국대,2017,28
M9,건국대,2018,27
M9,건국대,2019,22
M9,건국대,2020,28
M9,건국대,2021,17
M9,건국대,2022,15
M9,건국대,2023,16
M9,건국대,2024,22
M9,건국대,2025,20
M9,인하대,2016,9
M9,인하대,2017,9
M9,인하대,2018,11
M9,인하대,2019,7
M9,인하대,2020,8
M9,인하대,2021,12
M9,인하대,2022,11
M9,인하대,2023,16
M9,인하대,2024,12
M9,인하대,2025,16
M9,전북대,2016,9
M9,전북대,2017,11
M9,전북대,2018,13
M9,전북대,2019,5
M9,전북대,2020,9
M9,전북대,2021,8
M9,전북대,2022,13
M9,전북대,2023,12
M9,전북대,2024,8
M9,전북대,2025,15
M9,KR,2016,507
M9,KR,2017,542
M9,KR,2018,557
M9,KR,2019,521
M9,KR,2020,609
M9,KR,2021,621
M9,KR,2022,509
M9,KR,2023,513
M9,KR,2024,495
M9,KR,2025,607
M9,WORLD,2016,9864
M9,WORLD,2017,10582
M9,WORLD,2018,11268
M9,WORLD,2019,12294
M9,WORLD,2020,14133
M9,WORLD,2021,15313
M9,WORLD,2022,14290
M9,WORLD,2023,14095
M9,WORLD,2024,15360
M9,WORLD,2025,17517
M10,서울대,2016,70
M10,서울대,2017,74
M10,서울대,2018,89
M10,서울대,2019,79
M10,서울대,2020,86
M10,서울대,2021,85
M10,서울대,2022,72
M10,서울대,2023,73
M10,서울대,2024,112
M10,서울대,2025,128
M10,연세대,2016,39
M10,연세대,2017,29
M10,연세대,2018,40
M10,연세대,2019,37
M10,연세대,2020,53
M10,연세대,2021,78
M10,연세대,2022,72
M10,연세대,2023,69
M10,연세대,2024,84
M10,연세대,2025,104
M10,성균관대,2016,33
M10,성균관대,2017,30
M10,성균관대,2018,30
M10,성균관대,2019,29
M10,성균관대,2020,46
M10,성균관대,2021,48
M10,성균관대,2022,45
M10,성균관대,2023,54
M10,성균관대,2024,73
M10,성균관대,2025,80
M10,가톨릭대,2016,9
M10,가톨릭대,2017,16
M10,가톨릭대,2018,15
M10,가톨릭대,2019,19
M10,가톨릭대,2020,28
M10,가톨릭대,2021,31
M10,가톨릭대,2022,32
M10,가톨릭대,2023,33
M10,가톨릭대,2024,46
M10,가톨릭대,2025,40
M10,울산대,2016,10
M10,울산대,2017,11
M10,울산대,2018,14
M10,울산대,2019,16
M10,울산대,2020,15
M10,울산대,2021,15
M10,울산대,2022,13
M10,울산대,2023,9
M10,울산대,2024,20
M10,울산대,2025,21
M10,고려대,2016,33
M10,고려대,2017,28
M10,고려대,2018,36
M10,고려대,2019,39
M10,고려대,2020,46
M10,고려대,2021,56
M10,고려대,2022,48
M10,고려대,2023,50
M10,고려대,2024,85
M10,고려대,2025,96
M10,경희대,2016,18
M10,경희대,2017,13
M10,경희대,2018,20
M10,경희대,2019,20
M10,경희대,2020,21
M10,경희대,2021,20
M10,경희대,2022,15
M10,경희대,2023,14
M10,경희대,2024,15
M10,경희대,2025,35
M10,전남대,2016,11
M10,전남대,2017,15
M10,전남대,2018,18
M10,전남대,2019,13
M10,전남대,2020,19
M10,전남대,2021,23
M10,전남대,2022,24
M10,전남대,2023,16
M10,전남대,2024,17
M10,전남대,2025,22
M10,인제대,2016,6
M10,인제대,2017,4
M10,인제대,2018,7
M10,인제대,2019,8
M10,인제대,2020,8
M10,인제대,2021,7
M10,인제대,2022,3
M10,인제대,2023,6
M10,인제대,2024,8
M10,인제대,2025,7
M10,경북대,2016,8
M10,경북대,2017,12
M10,경북대,2018,18
M10,경북대,2019,16
M10,경북대,2020,12
M10,경북대,2021,22
M10,경북대,2022,20
M10,경북대,2023,12
M10,경북대,2024,15
M10,경북대,2025,29
M10,부산대,2016,16
M10,부산대,2017,16
M10,부산대,2018,16
M10,부산대,2019,23
M10,부산대,2020,18
M10,부산대,2021,32
M10,부산대,2022,32
M10,부산대,2023,30
M10,부산대,2024,32
M10,부산대,2025,32
M10,한양대,2016,23
M10,한양대,2017,21
M10,한양대,2018,17
M10,한양대,2019,22
M10,한양대,2020,27
M10,한양대,2021,36
M10,한양대,2022,21
M10,한양대,2023,13
M10,한양대,2024,27
M10,한양대,2025,25
M10,순천향대,2016,5
M10,순천향대,2017,13
M10,순천향대,2018,11
M10,순천향대,2019,11
M10,순천향대,2020,10
M10,순천향대,2021,10
M10,순천향대,2022,11
M10,순천향대,2023,9
M10,순천향대,2024,16
M10,순천향대,2025,9
M10,아주대,2016,20
M10,아주대,2017,14
M10,아주대,2018,18
M10,아주대,2019,12
M10,아주대,2020,9
M10,아주대,2021,5
M10,아주대,2022,6
M10,아주대,2023,10
M10,아주대,2024,13
M10,아주대,2025,23
M10,이화여대,2016,8
M10,이화여대,2017,7
M10,이화여대,2018,4
M10,이화여대,2019,8
M10,이화여대,2020,6
M10,이화여대,2021,5
M10,이화여대,2022,6
M10,이화여대,2023,19
M10,이화여대,2024,13
M10,이화여대,2025,12
M10,중앙대,2016,11
M10,중앙대,2017,14
M10,중앙대,2018,8
M10,중앙대,2019,13
M10,중앙대,2020,16
M10,중앙대,2021,15
M10,중앙대,2022,12
M10,중앙대,2023,11
M10,중앙대,2024,13
M10,중앙대,2025,27
M10,충남대,2016,5
M10,충남대,2017,11
M10,충남대,2018,10
M10,충남대,2019,6
M10,충남대,2020,7
M10,충남대,2021,18
M10,충남대,2022,16
M10,충남대,2023,11
M10,충남대,2024,26
M10,충남대,2025,23
M10,가천대,2016,7
M10,가천대,2017,3
M10,가천대,2018,6
M10,가천대,2019,9
M10,가천대,2020,5
M10,가천대,2021,8
M10,가천대,2022,7
M10,가천대,2023,23
M10,가천대,2024,26
M10,가천대,2025,30
M10,한림대,2016,14
M10,한림대,2017,12
M10,한림대,2018,15
M10,한림대,2019,9
M10,한림대,2020,12
M10,한림대,2021,11
M10,한림대,2022,12
M10,한림대,2023,12
M10,한림대,2024,14
M10,한림대,2025,16
M10,건국대,2016,50
M10,건국대,2017,33
M10,건국대,2018,29
M10,건국대,2019,26
M10,건국대,2020,23
M10,건국대,2021,17
M10,건국대,2022,21
M10,건국대,2023,25
M10,건국대,2024,25
M10,건국대,2025,30
M10,인하대,2016,8
M10,인하대,2017,3
M10,인하대,2018,8
M10,인하대,2019,4
M10,인하대,2020,6
M10,인하대,2021,6
M10,인하대,2022,9
M10,인하대,2023,10
M10,인하대,2024,15
M10,인하대,2025,15
M10,전북대,2016,22
M10,전북대,2017,22
M10,전북대,2018,26
M10,전북대,2019,15
M10,전북대,2020,37
M10,전북대,2021,22
M10,전북대,2022,23
M10,전북대,2023,13
M10,전북대,2024,21
M10,전북대,2025,18
M10,KR,2016,426
M10,KR,2017,403
M10,KR,2018,454
M10,KR,2019,426
M10,KR,2020,515
M10,KR,2021,541
M10,KR,2022,510
M10,KR,2023,541
M10,KR,2024,633
M10,KR,2025,767
M10,WORLD,2016,9842
M10,WORLD,2017,10642
M10,WORLD,2018,11477
M10,WORLD,2019,12055
M10,WORLD,2020,13449
M10,WORLD,2021,14417
M10,WORLD,2022,13679
M10,WORLD,2023,13286
M10,WORLD,2024,14527
M10,WORLD,2025,16689
M11,서울대,2016,36
M11,서울대,2017,29
M11,서울대,2018,32
M11,서울대,2019,53
M11,서울대,2020,63
M11,서울대,2021,75
M11,서울대,2022,76
M11,서울대,2023,63
M11,서울대,2024,71
M11,서울대,2025,95
M11,연세대,2016,17
M11,연세대,2017,23
M11,연세대,2018,25
M11,연세대,2019,32
M11,연세대,2020,48
M11,연세대,2021,60
M11,연세대,2022,62
M11,연세대,2023,69
M11,연세대,2024,74
M11,연세대,2025,87
M11,성균관대,2016,7
M11,성균관대,2017,9
M11,성균관대,2018,18
M11,성균관대,2019,14
M11,성균관대,2020,22
M11,성균관대,2021,31
M11,성균관대,2022,24
M11,성균관대,2023,26
M11,성균관대,2024,34
M11,성균관대,2025,50
M11,가톨릭대,2016,6
M11,가톨릭대,2017,10
M11,가톨릭대,2018,9
M11,가톨릭대,2019,15
M11,가톨릭대,2020,17
M11,가톨릭대,2021,25
M11,가톨릭대,2022,20
M11,가톨릭대,2023,20
M11,가톨릭대,2024,26
M11,가톨릭대,2025,25
M11,울산대,2016,12
M11,울산대,2017,7
M11,울산대,2018,20
M11,울산대,2019,31
M11,울산대,2020,31
M11,울산대,2021,65
M11,울산대,2022,40
M11,울산대,2023,44
M11,울산대,2024,33
M11,울산대,2025,52
M11,고려대,2016,11
M11,고려대,2017,9
M11,고려대,2018,9
M11,고려대,2019,10
M11,고려대,2020,25
M11,고려대,2021,37
M11,고려대,2022,25
M11,고려대,2023,30
M11,고려대,2024,27
M11,고려대,2025,51
M11,경희대,2016,4
M11,경희대,2017,10
M11,경희대,2018,15
M11,경희대,2019,19
M11,경희대,2020,42
M11,경희대,2021,47
M11,경희대,2022,48
M11,경희대,2023,45
M11,경희대,2024,38
M11,경희대,2025,58
M11,전남대,2016,0
M11,전남대,2017,3
M11,전남대,2018,3
M11,전남대,2019,6
M11,전남대,2020,9
M11,전남대,2021,9
M11,전남대,2022,13
M11,전남대,2023,10
M11,전남대,2024,15
M11,전남대,2025,16
M11,인제대,2016,2
M11,인제대,2017,5
M11,인제대,2018,9
M11,인제대,2019,2
M11,인제대,2020,14
M11,인제대,2021,16
M11,인제대,2022,8
M11,인제대,2023,5
M11,인제대,2024,19
M11,인제대,2025,12
M11,경북대,2016,2
M11,경북대,2017,2
M11,경북대,2018,1
M11,경북대,2019,4
M11,경북대,2020,3
M11,경북대,2021,10
M11,경북대,2022,7
M11,경북대,2023,7
M11,경북대,2024,12
M11,경북대,2025,17
M11,부산대,2016,3
M11,부산대,2017,3
M11,부산대,2018,5
M11,부산대,2019,4
M11,부산대,2020,11
M11,부산대,2021,15
M11,부산대,2022,10
M11,부산대,2023,16
M11,부산대,2024,26
M11,부산대,2025,34
M11,한양대,2016,1
M11,한양대,2017,2
M11,한양대,2018,7
M11,한양대,2019,9
M11,한양대,2020,12
M11,한양대,2021,15
M11,한양대,2022,12
M11,한양대,2023,13
M11,한양대,2024,14
M11,한양대,2025,21
M11,순천향대,2016,1
M11,순천향대,2017,5
M11,순천향대,2018,4
M11,순천향대,2019,6
M11,순천향대,2020,6
M11,순천향대,2021,9
M11,순천향대,2022,9
M11,순천향대,2023,14
M11,순천향대,2024,10
M11,순천향대,2025,11
M11,아주대,2016,6
M11,아주대,2017,5
M11,아주대,2018,8
M11,아주대,2019,10
M11,아주대,2020,20
M11,아주대,2021,8
M11,아주대,2022,16
M11,아주대,2023,13
M11,아주대,2024,18
M11,아주대,2025,12
M11,이화여대,2016,3
M11,이화여대,2017,4
M11,이화여대,2018,4
M11,이화여대,2019,3
M11,이화여대,2020,8
M11,이화여대,2021,12
M11,이화여대,2022,7
M11,이화여대,2023,9
M11,이화여대,2024,12
M11,이화여대,2025,17
M11,중앙대,2016,9
M11,중앙대,2017,4
M11,중앙대,2018,18
M11,중앙대,2019,10
M11,중앙대,2020,9
M11,중앙대,2021,16
M11,중앙대,2022,22
M11,중앙대,2023,23
M11,중앙대,2024,19
M11,중앙대,2025,22
M11,충남대,2016,3
M11,충남대,2017,2
M11,충남대,2018,1
M11,충남대,2019,1
M11,충남대,2020,7
M11,충남대,2021,10
M11,충남대,2022,6
M11,충남대,2023,11
M11,충남대,2024,26
M11,충남대,2025,26
M11,가천대,2016,9
M11,가천대,2017,12
M11,가천대,2018,15
M11,가천대,2019,6
M11,가천대,2020,12
M11,가천대,2021,14
M11,가천대,2022,16
M11,가천대,2023,15
M11,가천대,2024,15
M11,가천대,2025,26
M11,한림대,2016,5
M11,한림대,2017,6
M11,한림대,2018,5
M11,한림대,2019,11
M11,한림대,2020,17
M11,한림대,2021,17
M11,한림대,2022,21
M11,한림대,2023,13
M11,한림대,2024,24
M11,한림대,2025,21
M11,건국대,2016,2
M11,건국대,2017,0
M11,건국대,2018,4
M11,건국대,2019,7
M11,건국대,2020,8
M11,건국대,2021,14
M11,건국대,2022,11
M11,건국대,2023,12
M11,건국대,2024,10
M11,건국대,2025,11
M11,인하대,2016,2
M11,인하대,2017,3
M11,인하대,2018,6
M11,인하대,2019,8
M11,인하대,2020,10
M11,인하대,2021,2
M11,인하대,2022,3
M11,인하대,2023,14
M11,인하대,2024,11
M11,인하대,2025,15
M11,전북대,2016,3
M11,전북대,2017,1
M11,전북대,2018,0
M11,전북대,2019,1
M11,전북대,2020,1
M11,전북대,2021,5
M11,전북대,2022,2
M11,전북대,2023,4
M11,전북대,2024,11
M11,전북대,2025,8
M11,KR,2016,115
M11,KR,2017,132
M11,KR,2018,178
M11,KR,2019,226
M11,KR,2020,317
M11,KR,2021,416
M11,KR,2022,385
M11,KR,2023,402
M11,KR,2024,428
M11,KR,2025,588
M11,WORLD,2016,3061
M11,WORLD,2017,3665
M11,WORLD,2018,4549
M11,WORLD,2019,5556
M11,WORLD,2020,6932
M11,WORLD,2021,8383
M11,WORLD,2022,8879
M11,WORLD,2023,9007
M11,WORLD,2024,10616
M11,WORLD,2025,13411
